File_Number,Instruments
1,Piano
2,Piano
3,Piano
4,Piano
5,Piano
6,Piano
7,Piano
8,Piano
9,Piano
10,Piano
11,Piano
12,Piano
13,Piano
14,Piano
15,"Violin,Piano"
16,Piano
17,Piano
18,Piano
19,Piano
20,Piano
21,Piano
22,"Violin,Piano"
23,Piano
24,Piano
25,Piano
26,Piano
27,Piano
28,Piano (2)
29,Piano (2)
30,Piano
31,Piano
32,Piano
33,Piano
34,Piano
35,Piano
36,Piano
37,"Violin,Piano"
38,Piano
39,Piano
40,Piano
41,Piano
42,Piano
43,Piano
44,Piano
45,Piano
46,"Flute,Piano"
47,Piano
48,Piano
49,Piano
50,Piano
51,"Woodwinds Group,Piano"
52,Piano
53,Piano
54,Piano
55,Piano
56,Piano
57,Piano
58,Piano
59,Piano
60,Piano
61,Piano
62,"Soprano,Piano"
63,Piano
64,Piano
65,Piano
66,"Soprano,Piano"
67,Piano
68,Piano
69,Piano
70,Piano
71,Piano
72,Piano
73,Piano
74,Piano
75,Piano
76,Piano
77,Piano
78,Piano
79,Piano
80,"Violin,Piano"
81,Piano
82,"Violin,Piano"
83,Piano
84,Piano
85,Piano
86,Piano
87,Piano
88,Piano
89,Piano
90,Piano
91,Piano
92,Piano
93,Piano
94,Piano
95,Piano
96,Piano
97,Piano
98,Piano
99,Piano
100,Piano
101,Piano
102,Piano
103,Piano
104,Piano
105,Piano
106,Piano
107,Piano
108,Piano
109,Piano
110,"Flute,Piano"
111,Piano
112,Piano
113,Piano
114,Piano
115,Piano
116,Piano
117,Piano
118,Piano
119,Piano
120,"Flute,Piano"
121,Piano
122,Piano (2)
123,Piano
124,Piano
125,Piano
126,Piano
127,Piano
128,Piano
129,Piano
130,"Violin,Piano"
131,Piano
132,Piano
133,"Contrabass,Piano"
134,Piano
135,Piano
136,Piano
137,Piano
138,"Flute,Piano"
139,Piano
140,Piano
141,Piano
142,Piano
143,Piano
144,Piano
145,Piano
146,Piano
147,Piano
148,"Oboe,Piano"
149,Piano (2)
150,Piano
151,Piano
152,Piano
153,Piano
154,Piano
155,Piano
156,Piano
157,Piano
158,Piano
159,Piano
160,"Viola,Piano"
161,Piano
162,Piano
163,"Flute,Piano"
164,Piano (2)
165,Piano
166,Piano
167,"Cello,Piano"
168,"Viola,Piano"
169,Piano
170,Piano
171,Piano
172,"Violin,Piano"
173,Piano
174,Piano
175,"Viola,Piano"
176,Piano
177,Piano
178,Piano
179,Piano
180,Piano
181,Piano
182,Piano
183,Piano
184,Piano
185,Piano
186,Piano
187,Piano
188,Piano
189,Piano
190,Piano
191,"French Horn,Piano"
192,Piano
193,Piano
194,Piano
195,"Bass Voice,Piano"
196,Piano
197,Piano
198,Piano
199,"Violin,Piano,Drum Group"
200,Piano
201,Piano
202,Piano
203,Piano
204,"Violin,Piano"
205,Piano
206,Piano
207,Piano
208,"Baritone,Piano"
209,Piano
210,Piano
211,"Flute,Oboe,Clarinet In A,Bassoon,French Horn (2),Trumpet Other,Trombone,Tuba,Timpani,Piano,Strings Group (5)"
212,Piano
213,Piano
214,Piano
215,Piano
216,Piano
217,Piano
218,Piano
219,Piano
220,Piano
221,Piano
222,"Trombone,Piano"
223,Piano
224,Piano
225,Piano
226,Piano
227,Piano
228,Piano
229,Piano
230,Piano
231,Piano
232,Piano
233,Piano
234,Piano
235,"Clarinet Other,Piano"
236,"Clarinet In B-flat,Piano"
237,Piano
238,Piano
239,Piano
240,"Violin,Piano"
241,"Piano,Contrabass"
242,Piano
243,Piano
244,Piano
245,Piano
246,Piano
247,Piano
248,"Vocals,Piano"
249,"Saxophone Alto,Piano"
250,Piano
251,Piano
252,Piano
253,Piano
254,Piano
255,Piano
256,Piano
257,Piano
258,Piano
259,"Violin,Piano"
260,Piano
261,Piano
262,Piano
263,Piano
264,Piano
265,Piano
266,Piano
267,Piano
268,Piano
269,Piano
270,Piano
271,Piano
272,Piano
273,Piano
274,Piano
275,Piano
276,Piano
277,"Bass Voice,Piano"
278,Piano
279,Piano
280,Piano
281,Piano
282,Piano
283,Piano
284,"Cello,Piano"
285,Piano
286,"Tenor,Piano"
287,Piano
288,Piano
289,Piano
290,Piano
291,Piano
292,Piano
293,Piano
294,"Trumpet In B-flat,Piano"
295,Piano
296,Piano
297,"Soprano (2),Baritone,Bass Voice,Piano"
298,Piano
299,Piano
300,Piano
301,Piano
302,Piano
303,Piano
304,Piano
305,Piano
306,Piano
307,Piano
308,Piano
309,Piano
310,Piano
311,Piano
312,Piano
313,Piano
314,Piano
315,Piano
316,Piano
317,Piano
318,Piano
319,Piano
320,Piano (2)
321,Piano
322,Piano
323,Piano
324,Piano
325,Piano
326,Piano
327,Piano
328,Piano
329,Piano
330,"Flute,Oboe,Clarinet In A,Bassoon,French Horn (2),Trumpet In B-flat,Trombone,Tuba,Timpani,Bass Drum,Crash,Piano,Strings Group (5)"
331,Piano
332,Piano
333,Piano
334,Piano
335,Piano
336,"Bass Voice,Piano"
337,Piano
338,Piano
339,Piano
340,Piano
341,Piano
342,Piano
343,"Flute,Piano"
344,Piano
345,Piano
346,Piano
347,Piano
348,Piano
349,Piano
350,Piano
351,Piano
352,Piano
353,Piano
354,Piano
355,Piano
356,"Violin,Piano"
357,Piano
358,"Tenor,Piano"
359,Piano
360,Piano
361,Piano
362,"Vocals,Piano"
363,Piano
364,"Cello,Piano"
365,Piano
366,"Viola,Piano"
367,Piano
368,Piano
369,Piano
370,Piano
371,Piano
372,Piano
373,Piano
374,Piano
375,Piano
376,Piano
377,Piano
378,"Flute,Oboe,Clarinet In B-flat,Bassoon,French Horn (2),Trumpet In B-flat,Trombone,Tuba,Timpani,Piano,Strings Group (5)"
379,Piano
380,Piano
381,Piano
382,"Contrabass,Piano"
383,Piano
384,Piano
385,Piano
386,Piano
387,Piano
388,Piano
389,"Trumpet In B-flat,Piano"
390,Piano
391,Piano
392,Piano (2)
393,Piano
394,Piano
395,Piano
396,Piano (2)
397,Piano
398,Piano
399,Piano
400,Piano
401,Piano
402,Piano
403,Piano
404,"Flute,Piano"
405,Piano
406,Piano
407,Piano
408,Piano
409,Piano
410,Piano
411,"Bass Voice,Piano"
412,Piano
413,"Cello,Piano"
414,Piano
415,Piano
416,Piano
417,Piano
418,Piano
419,Piano
420,Piano
421,Piano
422,"Clarinet In B-flat,Piano"
423,Piano
424,Piano
425,Piano
426,Piano
427,Piano
428,Piano
429,Piano
430,Piano
431,Piano
432,Piano
433,Piano
434,Piano
435,Piano
436,Piano
437,Piano
438,Piano (3)
439,Piano
440,"Cello,Piano"
441,"Cello,Piano"
442,Piano
443,Piano
444,Piano
445,"Cello,Piano"
446,Piano
447,"Flute,Piano"
448,Piano
449,Piano
450,Piano
451,Piano
452,"Clarinet In B-flat,Piano"
453,Piano
454,Piano
455,"Violin,Piano"
456,Piano
457,Piano
458,Piano
459,Piano
460,Piano
461,Piano
462,Piano
463,Piano
464,Piano
465,Piano
466,"Violin,Piano"
467,"Piano,Bass Drum"
468,Piano
469,Piano
470,Piano
471,Piano
472,Piano
473,Piano
474,"Piano,Flute"
475,Piano
476,Piano
477,Piano
478,Piano
479,Piano
480,Piano
481,"Bass Voice,Piano"
482,"Baritone,Piano"
483,Piano
484,"Cello,Piano"
485,Piano
486,Piano
487,Piano
488,Piano
489,Piano
490,"Vocals,Piano"
491,Piano
492,"Clarinet In B-flat,Piano"
493,Piano
494,Piano
495,Piano
496,Piano
497,Piano
498,Piano
499,"Violin,Piano"
500,Piano
501,"Trombone,Piano"
502,Piano
503,Piano
504,Piano
505,Piano
506,Piano
507,"Violin,Piano (2)"
508,Piano
509,Piano
510,Piano
511,Piano
512,Piano
513,Piano
514,Piano
515,Piano
516,Piano
517,Piano
518,Piano (2)
519,Piano
520,Piano
521,Piano
522,Piano
523,Piano
524,"Flute,Piano"
525,Piano
526,Piano
527,Piano (2)
528,Piano
529,Piano
530,Piano
531,Piano
532,"Tuba,Piano"
533,Piano
534,Piano
535,Piano
536,Piano
537,Piano
538,Piano
539,Piano
540,Piano
541,Piano
542,Piano
543,Piano
544,Piano
545,Piano
546,Piano
547,Piano
548,Piano
549,Piano
550,Piano
551,Piano
552,Piano
553,Piano
554,Piano
555,Piano
556,Piano
557,Piano
558,Piano
559,Piano
560,Piano
561,Piano
562,Piano
563,Piano
564,Piano
565,Piano
566,Piano
567,"Piano,Ukulele"
568,Piano
569,"Cello,Piano"
570,Piano
571,Piano
572,Piano
573,Piano
574,Piano
575,Piano
576,Piano
577,Piano
578,Piano
579,"Bassoon,Piano"
580,Piano (2)
581,Piano
582,Piano
583,Piano
584,Piano
585,Piano
586,Piano
587,Piano
588,Piano
589,Piano
590,Piano
591,Piano
592,"Violin,Piano"
593,Piano
594,Piano
595,Piano
596,Piano
597,Piano
598,Piano
599,Piano
600,Piano
601,Piano
602,Piano
603,Piano
604,Piano
605,"Violin,Piano"
606,Piano
607,Piano
608,Piano
609,Piano
610,Piano
611,Piano
612,Piano
613,Piano
614,Piano
615,Piano
616,Piano
617,Piano
618,Piano
619,Piano
620,Piano
621,Piano
622,Piano
623,Piano
624,Piano
625,Piano
626,Piano
627,Piano
628,Piano
629,Piano
630,Piano
631,Piano
632,Piano
633,Piano
634,Piano
635,Piano
636,Piano
637,Piano
638,Piano
639,Piano
640,Piano
641,Piano
642,Piano
643,"Bassoon,Piano"
644,Piano
645,Piano
646,Piano
647,Piano
648,Piano
649,Piano
650,Piano
651,Piano
652,"Violin,Piano"
653,Piano
654,Piano
655,Piano
656,Piano
657,Piano
658,Piano
659,Piano
660,Piano
661,Piano
662,Piano
663,Piano
664,Piano
665,"Viola,Piano"
666,Piano
667,Piano
668,Piano
669,Piano
670,Piano
671,Piano
672,Piano
673,Piano
674,Piano
675,Piano
676,Piano
677,"Piano,Violin"
678,"Bass Voice,Piano"
679,Piano
680,Piano
681,Piano
682,Piano
683,Piano
684,Piano (2)
685,Piano
686,Piano
687,Piano
688,Piano
689,Piano
690,Piano (2)
691,Piano
692,Piano (2)
693,Piano
694,"Violin,Piano"
695,Piano
696,"Violin,Piano"
697,Piano
698,Piano
699,Piano
700,Piano
701,Piano
702,Piano
703,Piano
704,"Trumpet In B-flat,Piano"
705,"Cello,Piano"
706,Piano
707,Piano
708,Piano
709,Piano
710,Piano
711,Piano
712,"Bassoon,Piano"
713,Piano
714,Piano
715,Piano
716,"Soprano,Piano"
717,Piano
718,Piano
719,Piano
720,"Flute,Piano"
721,Piano
722,Piano
723,Piano
724,Piano
725,Piano
726,Piano
727,Piano
728,Piano
729,Piano
730,Piano
731,Piano
732,Piano
733,Piano
734,Piano
735,Piano
736,Piano
737,Piano
738,Piano
739,Piano
740,"Cello,Piano"
741,Piano
742,Piano
743,Piano
744,Piano
745,Piano
746,Piano
747,Piano
748,Piano
749,Piano
750,Piano
751,Piano
752,Piano
753,Piano
754,Piano
755,Piano
756,Piano
757,Piano
758,Piano
759,Piano
760,Piano
761,Piano
762,Piano
763,Piano
764,"Violin,Piano"
765,Piano
766,Piano
767,Piano
768,Piano
769,Piano
770,Piano
771,Piano
772,Piano
773,Piano
774,Piano
775,Piano
776,Piano
777,Piano
778,Piano
779,Piano
780,Piano
781,Piano
782,"Clarinet In B-flat,Piano"
783,Piano
784,Piano
785,Piano
786,Piano
787,Piano
788,Piano
789,Piano (2)
790,Piano
791,"Cello,Piano"
792,Piano
793,Piano
794,Piano
795,Piano
796,Piano
797,Piano
798,Piano
799,Piano
800,Piano
801,Piano
802,Piano
803,Piano
804,Piano
805,Piano
806,Piano
807,Piano
808,"Vocals,Piano"
809,Piano
810,Piano
811,Piano
812,Piano
813,Piano
814,Piano
815,Piano
816,Piano
817,Piano (3)
818,Piano
819,Piano
820,Piano
821,Piano
822,Piano
823,Piano
824,Piano
825,Piano
826,Piano
827,"Flute,Piano"
828,Piano
829,Piano
830,Piano
831,Piano
832,Piano
833,Piano
834,Piano
835,"Cello,Piano"
836,Piano
837,Piano
838,Piano
839,Piano
840,Piano
841,Piano
842,Piano
843,Piano
844,Piano
845,Piano
846,Piano
847,"Contrabass,Piano"
848,Piano
849,Piano
850,Piano
851,Piano
852,Piano
853,Piano
854,Piano
855,"Bassoon,Piano"
856,"Cello,Piano"
857,Piano
858,Piano
859,Piano
860,Piano
861,"Cello,Piano"
862,"Clarinet In B-flat,Piano"
863,Piano
864,Piano
865,Piano
866,Piano
867,Piano
868,Piano
869,Piano
870,Piano
871,Piano
872,Piano
873,Piano
874,Piano
875,"Piano,Accordion"
876,Piano
877,Piano
878,Piano
879,Piano
880,Piano
881,Piano
882,Piano
883,"Clarinet In B-flat,Piano"
884,Piano
885,Piano
886,Piano
887,"Clarinet Other,Piano"
888,Piano
889,Piano
890,Piano
891,Piano
892,Piano
893,Piano
894,Piano
895,Piano
896,Piano
897,Piano
898,Piano
899,Piano
900,Piano
901,Piano
902,Piano
903,Piano
904,Piano
905,Piano
906,Piano
907,Piano
908,Piano
909,Piano (2)
910,Piano
911,"Viola,Piano"
912,Piano
913,Piano (2)
914,Piano
915,Piano
916,Piano
917,Piano (2)
918,Piano
919,"Cello,Piano"
920,Piano
921,Piano
922,Piano
923,Piano
924,Piano
925,Piano
926,Piano
927,Piano
928,Piano
929,Piano
930,Piano
931,Piano
932,Piano
933,"Vocals,Piano"
934,"Voice (other),Piano"
935,Piano
936,Piano
937,Piano
938,Piano
939,Piano
940,Piano
941,Piano
942,Piano
943,Piano
944,Piano
945,Piano
946,Piano
947,Piano
948,Piano
949,Piano
950,Piano
951,Piano
952,Piano
953,Piano
954,Piano
955,Piano
956,Piano
957,Piano
958,Piano
959,Piano
960,Piano
961,Piano
962,Piano
963,Piano
964,Piano
965,Piano
966,Piano
967,Piano
968,Piano (2)
969,Piano
970,Piano
971,Piano
972,Piano
973,Piano
974,Piano
975,Piano
976,Piano
977,Piano
978,Piano
979,Piano
980,Piano
981,Piano
982,Piano
983,Piano
984,Piano
985,Piano
986,Piano
987,Piano
988,"Flute,Piano"
989,Piano
990,Piano
991,Piano
992,Piano
993,Piano
994,Piano
995,Piano
996,Piano
997,"Viola,Piano"
998,Piano
999,Piano
1000,Piano
1001,Piano
1002,Piano
1003,Piano
1004,"Vocals,Piano"
1005,Piano
1006,Piano
1007,Piano
1008,Piano
1009,Piano
1010,Piano
1011,Piano
1012,Piano
1013,Piano
1014,Piano
1015,Piano
1016,Piano
1017,Piano
1018,Piano
1019,Piano
1020,Piano
1021,Piano
1022,Piano
1023,Piano
1024,Piano
1025,"Vocals,Piano"
1026,Piano
1027,Piano
1028,Piano
1029,"Clarinet In B-flat,Piano"
1030,Piano
1031,Piano
1032,Piano
1033,Piano
1034,Piano
1035,Piano
1036,Piano
1037,Piano
1038,Piano
1039,Piano
1040,Piano
1041,Piano
1042,Piano
1043,Piano
1044,Piano
1045,Piano
1046,Piano
1047,Piano
1048,Piano
1049,Piano
1050,Piano
1051,Piano
1052,Piano
1053,Piano
1054,Piano
1055,Piano
1056,Piano
1057,Piano
1058,Piano
1059,Piano
1060,Piano
1061,Piano
1062,Piano
1063,Piano
1064,Piano
1065,Piano
1066,Piano
1067,Piano
1068,Piano
1069,Piano
1070,"Flute,Piano"
1071,Piano
1072,Piano
1073,Piano
1074,Piano
1075,Piano
1076,Piano
1077,Piano
1078,Piano
1079,Piano
1080,Piano
1081,Piano
1082,Piano
1083,"Viola,Piano"
1084,Piano
1085,Piano
1086,Piano
1087,Piano
1088,Piano
1089,Piano
1090,Piano
1091,Piano
1092,Piano
1093,Piano
1094,Piano
1095,Piano
1096,"Clarinet In B-flat,Piano"
1097,Piano
1098,Piano
1099,Piano
1100,Piano
1101,Piano
1102,Piano
1103,Piano
1104,Piano
1105,Piano
1106,Piano
1107,Piano
1108,"Vocals,Piano"
1109,Piano
1110,Piano
1111,Piano (2)
1112,Piano
1113,Piano
1114,Piano
1115,Piano
1116,Piano
1117,"Clarinet In B-flat,Piano"
1118,Piano
1119,Piano
1120,Piano
1121,Piano
1122,Piano
1123,Piano
1124,Piano
1125,Piano (2)
1126,Piano
1127,Piano
1128,Piano
1129,Piano
1130,Piano
1131,Piano
1132,Piano
1133,Piano
1134,Piano
1135,Piano
1136,Piano
1137,Piano
1138,"Clarinet In B-flat,Piano"
1139,Piano
1140,Piano
1141,Piano
1142,Piano
1143,Piano
1144,Piano
1145,Piano
1146,Piano
1147,Piano
1148,Piano
1149,Piano
1150,Piano
1151,Piano
1152,Piano
1153,Piano
1154,"Oboe,Piano"
1155,Piano
1156,Piano
1157,Piano (3)
1158,Piano
1159,Piano
1160,Piano
1161,Piano
1162,Piano
1163,Piano
1164,Piano
1165,Piano
1166,Piano
1167,Piano
1168,Piano
1169,Piano
1170,Piano
1171,Piano
1172,Piano
1173,Piano
1174,Piano
1175,Piano
1176,Piano
1177,Piano
1178,Piano
1179,"Soprano,Tenor,Piano"
1180,Piano
1181,Piano
1182,Piano
1183,"Vocals,Piano"
1184,Piano
1185,Piano
1186,Piano
1187,Piano
1188,Piano
1189,Piano
1190,Piano
1191,"Melodica,Piano"
1192,Piano
1193,Piano
1194,Piano
1195,Piano
1196,Piano
1197,Piano
1198,Piano
1199,Piano
1200,Piano
1201,"Violin,Piano"
1202,Piano
1203,Piano
1204,Piano
1205,Piano
1206,Piano
1207,Piano
1208,Piano
1209,Piano
1210,Piano
1211,Piano
1212,Piano
1213,Piano
1214,Piano
1215,Piano
1216,Piano
1217,Piano
1218,Piano
1219,Piano
1220,Piano
1221,"Cello,Piano"
1222,Piano
1223,Piano
1224,Piano
1225,Piano
1226,Piano
1227,Piano
1228,Piano
1229,Piano
1230,Piano
1231,Piano
1232,Piano
1233,Piano
1234,Piano
1235,Piano
1236,Piano
1237,Piano
1238,Piano
1239,Piano
1240,Piano
1241,Piano
1242,Piano
1243,Piano
1244,Piano
1245,Piano
1246,Piano
1247,Piano
1248,Piano
1249,"Violin,Piano"
1250,Piano
1251,Piano
1252,Piano
1253,Piano
1254,Piano
1255,Piano
1256,Piano
1257,Piano
1258,Piano
1259,Piano
1260,Piano
1261,"Clarinet In B-flat,Piano"
1262,"Clarinet In B-flat,Piano"
1263,Piano
1264,Piano
1265,Piano
1266,Piano
1267,Piano
1268,Piano
1269,"Soprano,Alto,Bass Voice,Piano"
1270,Piano
1271,Piano
1272,Piano
1273,Piano
1274,Piano
1275,Piano
1276,Piano
1277,Piano
1278,Piano
1279,Piano
1280,Piano
1281,Piano (2)
1282,Piano
1283,Piano
1284,Piano
1285,Piano
1286,Piano
1287,Piano
1288,Piano
1289,Piano
1290,"Piano,Violin"
1291,Piano
1292,Piano
1293,Piano
1294,Piano
1295,Piano
1296,Piano
1297,Piano
1298,Piano
1299,Piano
1300,Piano
1301,Piano
1302,Piano
1303,Piano
1304,Piano
1305,Piano
1306,Piano
1307,"Euphonium,Piano"
1308,Piano (2)
1309,Piano
1310,Piano
1311,Piano
1312,Piano
1313,Piano
1314,Piano
1315,Piano
1316,"Trumpet In B-flat,Piano"
1317,Piano
1318,Piano
1319,Piano
1320,Piano
1321,Piano
1322,Piano
1323,Piano
1324,Piano
1325,Piano
1326,Piano
1327,Piano
1328,Piano
1329,Piano
1330,Piano
1331,Piano
1332,Piano
1333,Piano
1334,Piano
1335,"Clarinet Bass,Piano"
1336,Piano
1337,Piano
1338,Piano
1339,Piano
1340,Piano
1341,Piano
1342,Piano
1343,Piano
1344,Piano
1345,Piano
1346,Piano
1347,Piano
1348,Piano
1349,Piano
1350,"Clarinet In B-flat,Piano"
1351,Piano
1352,Piano (2)
1353,Piano
1354,Piano
1355,Piano
1356,"Flute,Piano"
1357,Piano
1358,Piano
1359,Piano
1360,"Soprano (2),Tenor,Bass Voice,Piano"
1361,Piano
1362,Piano
1363,Piano
1364,Piano
1365,Piano
1366,Piano
1367,Piano
1368,Piano
1369,Piano
1370,Piano
1371,Piano
1372,Piano
1373,Piano
1374,Piano
1375,Piano
1376,Piano
1377,Piano
1378,Piano
1379,Piano
1380,Piano
1381,Piano
1382,Piano
1383,Piano
1384,Piano
1385,Piano
1386,Piano
1387,Piano
1388,Piano
1389,Piano
1390,Piano
1391,Piano
1392,"Clarinet In B-flat,Piano"
1393,Piano
1394,Piano
1395,Piano
1396,Piano
1397,Piano
1398,Piano
1399,Piano
1400,Piano
1401,Piano
1402,Piano
1403,Piano
1404,Piano
1405,Piano
1406,Piano
1407,Piano
1408,Piano
1409,Piano
1410,Piano
1411,Piano
1412,Piano
1413,Piano
1414,Piano
1415,Piano
1416,Piano
1417,Piano
1418,Piano
1419,Piano
1420,Piano
1421,Piano
1422,Piano
1423,Piano
1424,Piano
1425,Piano
1426,Piano
1427,Piano
1428,Piano
1429,Piano
1430,Piano
1431,Piano
1432,Piano
1433,Piano
1434,Piano
1435,Piano
1436,Piano
1437,Piano
1438,Piano
1439,Piano
1440,Piano
1441,Piano
1442,Piano
1443,Piano
1444,Piano
1445,Piano
1446,Piano
1447,Piano
1448,Piano
1449,Piano
1450,Piano
1451,Piano
1452,Piano
1453,Piano
1454,Piano
1455,Piano
1456,Piano
1457,Piano
1458,Piano
1459,Piano
1460,Piano
1461,Piano
1462,Piano
1463,Piano
1464,Piano
1465,Piano
1466,Piano
1467,Piano (2)
1468,Piano (2)
1469,Piano
1470,Piano
1471,Piano
1472,Piano
1473,Piano
1474,Piano
1475,Piano
1476,Piano
1477,Piano
1478,Piano
1479,Piano
1480,Piano
1481,Piano
1482,Piano
1483,Piano
1484,Piano
1485,Piano
1486,Piano
1487,Piano
1488,Piano
1489,Piano
1490,Piano
1491,Piano
1492,Piano
1493,Piano
1494,Piano
1495,Piano
1496,Piano
1497,Piano
1498,"Clarinet In B-flat,Vocals,Piano"
1499,Piano (2)
1500,Piano (2)
1501,Piano
1502,Piano
1503,Piano
1504,Piano
1505,"Clarinet In B-flat,Piano"
1506,Piano
1507,Piano
1508,Piano
1509,"Bass Voice,Natural Horn,Piano"
1510,Piano
1511,Piano
1512,Piano
1513,Piano
1514,Piano
1515,Piano
1516,Piano
1517,Piano
1518,Piano
1519,Piano
1520,Piano
1521,Piano
1522,Piano
1523,Piano
1524,Piano
1525,Piano
1526,Piano
1527,Piano
1528,Piano
1529,Piano
1530,Piano
1531,Piano
1532,Piano
1533,Piano
1534,Piano
1535,Piano
1536,Piano
1537,Piano
1538,Piano
1539,Piano
1540,Piano
1541,Piano
1542,Piano
1543,Piano
1544,Piano
1545,Piano
1546,Piano
1547,Piano
1548,Piano
1549,Piano
1550,Piano (2)
1551,"Piano,French Horn (2),Trumpet In B-flat,Trombone,Tuba,Violin,Viola,Cello,Contrabass,Snare Drum,Tenor Drum,Bass Drum,Crash"
1552,Piano
1553,Piano
1554,Piano
1555,Piano
1556,Piano
1557,Piano
1558,Piano
1559,Piano
1560,Piano
1561,Piano
1562,Piano
1563,Piano
1564,Piano
1565,Piano
1566,Piano
1567,Piano
1568,Piano
1569,Piano
1570,Piano
1571,Piano
1572,Piano
1573,Piano
1574,Piano
1575,Piano
1576,"Clarinet In B-flat,Piano"
1577,"Baritone,Piano"
1578,Piano
1579,Piano
1580,"Clarinet In B-flat,Piano"
1581,"Vocals,Piano"
1582,"Violin,Piano"
1583,Piano
1584,Piano
1585,Piano
1586,Piano
1587,Piano
1588,Piano
1589,Piano
1590,Piano
1591,Piano
1592,Piano
1593,Piano
1594,Piano
1595,Piano
1596,Piano
1597,Piano
1598,Piano
1599,Piano
1600,Piano
1601,Piano
1602,Piano
1603,Piano
1604,Piano
1605,Piano
1606,Piano
1607,Piano
1608,Piano
1609,Piano
1610,Piano
1611,Piano
1612,Piano
1613,Piano
1614,Piano
1615,Piano
1616,Piano
1617,Piano
1618,Piano
1619,Piano
1620,Piano
1621,Piano
1622,Piano
1623,Piano
1624,Piano
1625,Piano
1626,Piano
1627,Piano
1628,Piano
1629,"Clarinet In B-flat,Piano"
1630,Piano
1631,Piano
1632,Piano
1633,Piano
1634,Piano
1635,Piano
1636,Piano
1637,Piano
1638,Piano
1639,Piano
1640,Piano
1641,Piano
1642,Piano
1643,Piano
1644,Piano
1645,Piano
1646,Piano
1647,Piano
1648,Piano
1649,Piano
1650,Piano
1651,Piano
1652,Piano
1653,Piano
1654,Piano
1655,Piano
1656,Piano
1657,Piano
1658,Piano
1659,Piano
1660,Piano
1661,Piano
1662,"Tenor,Piano"
1663,Piano
1664,Piano
1665,Piano
1666,Piano
1667,Piano
1668,Piano
1669,Piano
1670,Piano
1671,Piano
1672,Piano
1673,Piano
1674,Piano
1675,"Vocals,Piano"
1676,Piano
1677,Piano
1678,Piano
1679,Piano
1680,Piano
1681,Piano
1682,Piano
1683,Piano
1684,Piano
1685,Piano
1686,Piano
1687,Piano
1688,Piano
1689,"Baritone,Piano"
1690,Piano
1691,Piano
1692,Piano
1693,Piano
1694,Piano
1695,Piano
1696,Piano
1697,Piano
1698,Piano
1699,Piano
1700,Piano
1701,Piano
1702,Piano
1703,Piano
1704,Piano
1705,Piano
1706,Piano
1707,Piano
1708,Piano
1709,Piano
1710,Piano
1711,Piano
1712,Piano
1713,Piano
1714,Piano
1715,Piano
1716,Piano
1717,Piano
1718,Piano
1719,Piano
1720,Piano
1721,Piano
1722,Piano
1723,Piano
1724,Piano
1725,Piano
1726,Piano
1727,Piano
1728,Piano
1729,Piano
1730,Piano
1731,Piano
1732,Piano
1733,Piano
1734,Piano
1735,Piano
1736,Piano
1737,Piano
1738,Piano
1739,Piano
1740,Piano
1741,Piano
1742,Piano
1743,Piano
1744,Piano
1745,Piano
1746,Piano
1747,Piano
1748,Piano
1749,Piano
1750,Piano
1751,Piano
1752,Piano
1753,Piano
1754,Piano
1755,Piano
1756,Piano
1757,Piano
1758,Piano
1759,Piano
1760,Piano
1761,Piano
1762,Piano
1763,Piano
1764,Piano
1765,Piano
1766,Piano
1767,Piano
1768,Piano
1769,Piano
1770,"Clarinet In B-flat,Piano"
1771,"Violin,Piano"
1772,Piano
1773,Piano
1774,Piano
1775,Piano
1776,Piano
1777,Piano
1778,Piano
1779,Piano
1780,Piano
1781,Piano
1782,Piano
1783,Piano
1784,Piano
1785,Piano
1786,Piano
1787,Piano
1788,Piano
1789,Piano
1790,Piano
1791,Piano
1792,Piano
1793,Piano
1794,Piano
1795,Piano
1796,Piano
1797,Piano
1798,Piano
1799,Piano
1800,Piano
1801,Piano
1802,Piano
1803,Piano
1804,Piano
1805,Piano
1806,Piano
1807,Piano
1808,Piano
1809,Piano
1810,Piano
1811,Piano
1812,Piano
1813,Piano
1814,Piano
1815,Piano
1816,Piano
1817,Piano
1818,Piano
1819,Piano
1820,Piano
1821,Piano
1822,Piano
1823,Piano
1824,Piano
1825,Piano
1826,Piano
1827,Piano
1828,Piano
1829,Piano
1830,Piano
1831,Piano
1832,Piano
1833,Piano
1834,Piano
1835,Piano
1836,Piano
1837,Piano
1838,Piano
1839,Piano
1840,Piano
1841,Piano
1842,Piano
1843,Piano
1844,Piano
1845,Piano
1846,Piano
1847,Piano
1848,Piano
1849,Piano
1850,Piano
1851,Piano
1852,Piano
1853,Piano
1854,Piano
1855,Piano
1856,Piano
1857,Piano
1858,Piano
1859,Piano
1860,Piano
1861,Piano
1862,Piano
1863,Piano
1864,Piano
1865,Piano
1866,Piano
1867,Piano
1868,Piano
1869,Piano
1870,Piano
1871,Piano
1872,Piano
1873,Piano
1874,Piano
1875,Piano
1876,Piano
1877,"Clarinet In B-flat,Piano"
1878,Piano
1879,Piano
1880,Piano
1881,Piano
1882,Piano
1883,Piano
1884,Piano
1885,Piano
1886,"Vocals,Piano"
1887,"Violin,Piano"
1888,Piano
1889,Piano
1890,Piano
1891,Piano
1892,Piano
1893,Piano
1894,Piano
1895,Piano
1896,Piano
1897,Piano
1898,Piano
1899,Piano
1900,Piano
1901,Piano
1902,Piano
1903,Piano
1904,Piano
1905,Piano
1906,Piano
1907,Piano
1908,Piano
1909,Piano
1910,Piano
1911,Piano
1912,Piano
1913,Piano
1914,Piano
1915,Piano
1916,Piano
1917,Piano
1918,Piano
1919,Piano
1920,Piano
1921,Piano
1922,Piano
1923,Piano
1924,Piano
1925,"Violin,Piano"
1926,Piano
1927,Piano
1928,Piano
1929,Piano
1930,Piano
1931,Piano
1932,Piano
1933,Piano
1934,Piano
1935,Piano
1936,Piano
1937,Piano
1938,Piano
1939,"Clarinet In B-flat,Piano"
1940,"Viola,Piano"
1941,Piano
1942,Piano
1943,Piano
1944,Piano
1945,Piano
1946,"Flute,Piano"
1947,Piano
1948,Piano
1949,Piano
1950,Piano
1951,Piano
1952,Piano
1953,Piano
1954,Piano
1955,Piano
1956,Piano
1957,Piano
1958,Piano
1959,Piano
1960,Piano
1961,Piano
1962,Piano
1963,Piano
1964,Piano
1965,Piano
1966,Piano
1967,Piano
1968,Piano
1969,Piano
1970,Piano
1971,Piano
1972,Piano
1973,Piano
1974,Piano
1975,Piano
1976,Piano
1977,Piano
1978,Piano
1979,Piano
1980,Piano
1981,Piano
1982,"Mandolin,Piano"
1983,Piano
1984,Piano
1985,Piano
1986,Piano
1987,Piano
1988,Piano
1989,Piano
1990,Piano
1991,Piano
1992,Piano
1993,Piano
1994,Piano
1995,Piano
1996,Piano
1997,Piano
1998,Piano
1999,Piano
2000,Piano
2001,Piano
2002,Piano
2003,Piano
2004,Piano
2005,Piano
2006,Piano
2007,Piano
2008,Piano
2009,Piano
2010,Piano
2011,Piano
2012,Piano
2013,Piano
2014,Piano
2015,Piano
2016,Piano
2017,Piano
2018,Piano
2019,Piano
2020,Piano
2021,Piano
2022,Piano
2023,Piano
2024,Piano
2025,Piano
2026,Piano
2027,Piano
2028,Piano
2029,Piano
2030,Piano
2031,Piano
2032,Piano
2033,Piano
2034,Piano
2035,Piano
2036,Piano
2037,Piano
2038,Piano
2039,Piano
2040,Piano
2041,Piano
2042,Piano
2043,Piano
2044,Piano
2045,Piano
2046,Piano
2047,Piano
2048,Piano
2049,Piano
2050,Piano
2051,Piano
2052,Piano
2053,Piano
2054,Piano
2055,Piano
2056,Piano
2057,Piano
2058,Piano
2059,Piano
2060,Piano
2061,Piano
2062,Piano
2063,Piano
2064,Piano
2065,Piano
2066,Piano
2067,Piano
2068,Piano
2069,Piano
2070,Piano
2071,Piano
2072,Piano
2073,Piano
2074,Piano
2075,Piano
2076,Piano
2077,Piano
2078,Piano
2079,Piano
2080,Piano
2081,Piano
2082,Piano
2083,Piano
2084,Piano
2085,Piano
2086,Piano
2087,Piano
2088,Piano
2089,Piano
2090,Piano
2091,Piano
2092,Piano
2093,Piano
2094,Piano
2095,Piano
2096,Piano
2097,Piano
2098,Piano
2099,Piano
2100,Piano
2101,Piano
2102,Piano
2103,Piano
2104,Piano
2105,Piano
2106,Piano
2107,Piano
2108,Piano
2109,Piano
2110,Piano
2111,Piano
2112,Piano
2113,Piano
2114,Piano
2115,Piano
2116,Piano
2117,Piano
2118,Piano
2119,Piano
2120,Piano
2121,Piano
2122,Piano
2123,Piano
2124,Piano
2125,Piano
2126,Piano
2127,Piano
2128,Piano
2129,Piano
2130,Piano
2131,Piano
2132,Piano
2133,Piano
2134,Piano
2135,Piano
2136,Piano
2137,Piano
2138,Piano
2139,Piano
2140,Piano
2141,Piano
2142,Piano
2143,Piano
2144,Piano
2145,Piano
2146,Piano
2147,Piano
2148,Piano
2149,Piano
2150,Piano
2151,Piano
2152,Piano
2153,Piano
2154,Piano
2155,Piano
2156,Piano
2157,Piano
2158,Piano
2159,Piano
2160,Piano
2161,Piano
2162,Piano
2163,Piano
2164,Piano
2165,Piano
2166,Piano
2167,Piano
2168,Piano
2169,Piano
2170,Piano
2171,Piano
2172,Piano
2173,Piano
2174,Piano
2175,Piano
2176,Piano
2177,Piano
2178,Piano
2179,Piano
2180,Piano
2181,Piano
2182,Piano
2183,Piano
2184,Piano
2185,Piano
2186,Piano
2187,Piano
2188,Piano
2189,Piano
2190,Piano
2191,Piano
2192,Piano
2193,Piano
2194,Piano
2195,Piano
2196,Piano
2197,Piano
2198,Piano
2199,Piano
2200,Piano
2201,Piano
2202,Piano
2203,Piano
2204,Piano
2205,Piano
2206,Piano
2207,Piano
2208,Piano
2209,Piano
2210,Piano
2211,Piano
2212,Piano
2213,Piano
2214,Piano
2215,Piano
2216,Piano
2217,Piano
2218,Piano
2219,Piano
2220,Piano
2221,Piano
2222,Piano
2223,Piano
2224,Piano
2225,Piano
2226,Piano
2227,Piano
2228,Piano
2229,Piano
2230,Piano
2231,Piano
2232,Piano
2233,Piano
2234,Piano
2235,Piano
2236,Piano
2237,Piano
2238,Piano
2239,Piano
2240,Piano
2241,Piano
2242,Piano
2243,Piano
2244,Piano
2245,Piano
2246,Piano
2247,Piano
2248,Piano
2249,Piano
2250,Piano
2251,Piano
2252,Piano
2253,Piano
2254,Piano
2255,Piano
2256,Piano
2257,Piano
2258,Piano
2259,Piano
2260,Piano
2261,Piano
2262,Piano
2263,Piano
2264,Piano
2265,Piano
2266,Piano
2267,Piano
2268,Piano
2269,Piano
2270,Piano
2271,Piano
2272,Piano
2273,Piano
2274,Piano
2275,Piano
2276,Piano
2277,Piano
2278,Piano
2279,Piano
2280,Piano
2281,Piano
2282,Piano
2283,Piano
2284,Piano
2285,Piano
2286,Piano
2287,Piano
2288,Piano
2289,Piano
2290,Piano
2291,Piano
2292,Piano
2293,Piano
2294,Piano
2295,Piano
2296,Piano
2297,Piano
2298,Piano
2299,Piano
2300,Piano
2301,Piano
2302,Piano
2303,Piano
2304,Piano
2305,Piano
2306,Piano
2307,Piano
2308,Piano
2309,Piano
2310,Piano
2311,Piano
2312,Piano
2313,Piano
2314,Piano
2315,Piano
2316,Piano
2317,Piano
2318,Piano
2319,Piano
2320,Piano
2321,Piano
2322,Piano
2323,Piano
2324,Piano
2325,Piano
2326,Piano
2327,Piano
2328,Piano
2329,Piano
2330,Piano
2331,Piano
2332,Piano
2333,Piano
2334,Piano
2335,Piano
2336,Piano
2337,Piano
2338,Piano
2339,Piano
2340,Piano
2341,Piano
2342,Piano
2343,Piano
2344,Piano
2345,Piano
2346,Piano
2347,Piano
2348,Piano
2349,Piano
2350,Piano
2351,Piano
2352,Piano
2353,Piano
2354,Piano
2355,Piano
2356,Piano
2357,Piano
2358,Piano
2359,Piano
2360,Piano
2361,Piano
2362,Piano
2363,Piano
2364,Piano
2365,Piano
2366,Piano
2367,Piano
2368,Piano
2369,Piano
2370,Piano
2371,Piano
2372,Piano
2373,Piano
2374,Piano
2375,Piano
2376,Piano
2377,Piano
2378,Piano
2379,Piano
2380,Piano
2381,Piano
2382,Piano
2383,Piano
2384,Piano
2385,Piano
2386,Piano
2387,Piano
2388,Piano
2389,Piano
2390,Piano
2391,Piano
2392,Piano
2393,Piano
2394,Piano
2395,Piano
2396,Piano
2397,Piano
2398,Piano
2399,Piano
2400,Piano
2401,Piano
2402,Piano
2403,Piano
2404,Piano
2405,Piano
2406,Piano
2407,Piano
2408,Piano
2409,Piano
2410,Piano
2411,Piano
2412,Piano
2413,Piano
2414,Piano
2415,Piano
2416,Piano
2417,Piano
2418,Piano
2419,Piano
2420,Piano
2421,Piano
2422,Piano
2423,Piano
2424,Piano
2425,Piano
2426,Piano
2427,Piano
2428,Piano
2429,Piano
2430,Piano
2431,Piano
2432,Piano
2433,Piano
2434,Piano
2435,Piano
2436,Piano
2437,Piano
2438,Piano
2439,Piano
2440,Piano
2441,Piano
2442,Piano
2443,Piano
2444,Piano
2445,Piano
2446,Piano
2447,Piano
2448,Piano
2449,Piano
2450,Piano
2451,Piano
2452,Piano
2453,Piano
2454,Piano
2455,Piano
2456,Piano
2457,Piano
2458,Piano
2459,Piano
2460,Piano
2461,Piano
2462,Piano
2463,Piano
2464,Piano
2465,Piano
2466,Piano
2467,Piano
2468,Piano
2469,Piano
2470,Piano
2471,Piano
2472,Piano
2473,Piano
2474,Piano
2475,Piano
2476,Piano
2477,Piano
2478,Piano
2479,Piano
2480,Piano
2481,Piano
2482,Piano
2483,Piano
2484,Piano
2485,Piano
2486,Piano
2487,Piano
2488,Piano
2489,Piano
2490,Piano
2491,Piano
2492,Piano
2493,Piano
2494,Piano
2495,Piano
2496,Piano
2497,Piano
2498,Piano
2499,Piano
2500,Piano
2501,Piano
2502,Piano
2503,Piano
2504,Piano
2505,Piano
2506,Piano
2507,Piano
2508,Piano
2509,Piano
2510,Piano
2511,Piano
2512,Piano
2513,Piano
2514,Piano
2515,Piano
2516,Piano
2517,Piano
2518,Piano
2519,Piano
2520,Piano
2521,Piano
2522,Piano
2523,Piano
2524,Piano
2525,Piano
2526,Piano
2527,Piano
2528,Piano
2529,Piano
2530,Piano
2531,Piano
2532,Piano
2533,Piano
2534,Piano
2535,Piano
2536,Piano
2537,Piano
2538,Piano
2539,Piano
2540,Piano
2541,Piano
2542,Piano
2543,Piano
2544,Piano
2545,Piano
2546,Piano
2547,Piano
2548,Piano
2549,Piano
2550,Piano
2551,Piano
2552,Piano
2553,Piano
2554,Piano
2555,Piano
2556,Piano
2557,Piano
2558,Piano
2559,Piano
2560,Piano
2561,Piano
2562,Piano
2563,Piano
2564,Piano
2565,Piano
2566,Piano
2567,Piano
2568,Piano
2569,Piano
2570,Piano
2571,Piano
2572,Piano
2573,Piano
2574,Piano
2575,Piano
2576,Piano
2577,Piano
2578,Piano
2579,Piano
2580,Piano
2581,Piano
2582,Piano
2583,Piano
2584,Piano
2585,Piano
2586,Piano
2587,Piano
2588,Piano
2589,Piano
2590,Piano
2591,Piano
2592,Piano
2593,Piano
2594,Piano
2595,Piano
2596,Piano
2597,Piano
2598,Piano
2599,Piano
2600,Piano
2601,Piano
2602,Piano
2603,Piano
2604,Piano
2605,Piano
2606,Piano
2607,Piano
2608,Piano
2609,Piano
2610,Piano
2611,Piano
2612,Piano
2613,Piano
2614,Piano
2615,Piano
2616,Piano
2617,Piano
2618,Piano
2619,Piano
2620,Piano
2621,Piano
2622,Piano
2623,Piano
2624,Piano
2625,Piano
2626,Piano
2627,Piano
2628,Piano
2629,Piano
2630,Piano
2631,Piano
2632,Piano
2633,Piano
2634,Piano
2635,Piano
2636,Piano
2637,Piano
2638,Piano
2639,Piano
2640,Piano
2641,Piano
2642,Piano
2643,Piano
2644,Piano
2645,Piano
2646,Piano
2647,Piano
2648,Piano
2649,Piano
2650,Piano
2651,Piano
2652,Piano
2653,Piano
2654,Piano
2655,Piano
2656,Piano
2657,Piano
2658,Piano
2659,Piano
2660,Piano
2661,Piano
2662,Piano
2663,Piano
2664,Piano
2665,Piano
2666,Piano
2667,Piano
2668,Piano
2669,Piano
2670,Piano
2671,Piano
2672,Piano
2673,Piano
2674,Piano
2675,Piano
2676,Piano
2677,Piano
2678,Piano
2679,Piano
2680,Piano
2681,Piano
2682,Piano
2683,Piano
2684,Piano
2685,Piano
2686,Piano
2687,Piano
2688,Piano
2689,Piano
2690,Piano
2691,Piano
2692,Piano
2693,Piano
2694,Piano
2695,Piano
2696,Piano
2697,Piano
2698,Piano
2699,Piano
2700,Piano
2701,Piano
2702,Piano
2703,Piano
2704,Piano
2705,Piano
2706,Piano
2707,Piano
2708,Piano
2709,Piano
2710,Piano
2711,Piano
2712,Piano
2713,Piano
2714,Piano
2715,Piano
2716,Piano
2717,Piano
2718,Piano
2719,Piano
2720,Piano
2721,Piano
2722,Piano
2723,Piano
2724,Piano
2725,Piano
2726,Piano
2727,Piano
2728,Piano
2729,Piano
2730,Piano
2731,Piano
2732,Piano
2733,Piano
2734,Piano
2735,Piano
2736,Piano
2737,Piano
2738,Piano
2739,Piano
2740,Piano
2741,Piano
2742,Piano
2743,Piano
2744,Piano
2745,Piano
2746,Piano
2747,Piano
2748,Piano
2749,Piano
2750,Piano
2751,Piano
2752,Piano
2753,Piano
2754,Piano
2755,Piano
2756,Piano
2757,Piano
2758,Piano
2759,Piano
2760,Piano
2761,Piano
2762,Piano
2763,Piano
2764,Piano
2765,Piano
2766,Piano
2767,Piano
2768,Piano
2769,Piano
2770,Piano
2771,Piano
2772,Piano
2773,Piano
2774,Piano
2775,Piano
2776,Piano
2777,Piano
2778,Piano
2779,Piano
2780,Piano
2781,Piano
2782,Piano
2783,Piano
2784,Piano
2785,Piano
2786,Piano
2787,Piano
2788,Piano
2789,Piano
2790,Piano
2791,Piano
2792,Piano
2793,Piano
2794,Piano
2795,Piano
2796,Piano
2797,Piano
2798,Piano
2799,Piano
2800,Piano
2801,Piano
2802,Piano
2803,Piano
2804,Piano
2805,Piano
2806,Piano
2807,Piano
2808,Piano
2809,Piano
2810,Piano
2811,Piano
2812,Piano
2813,Piano
2814,Piano
2815,Piano
2816,Piano
2817,Piano
2818,Piano
2819,Piano
2820,Piano
2821,Piano
2822,Piano
2823,Piano
2824,Piano
2825,Piano
2826,Piano
2827,Piano
2828,Piano
2829,Piano
2830,Piano
2831,Piano
2832,Piano
2833,Piano
2834,Piano
2835,Piano
2836,Piano
2837,Piano
2838,Piano
2839,Piano
2840,Piano
2841,Piano
2842,Piano
2843,Piano
2844,Piano
2845,Piano
2846,Piano
2847,Piano
2848,Piano
2849,Piano
2850,Piano
2851,Piano
2852,Piano
2853,Piano
2854,Piano
2855,Piano
2856,Piano
2857,Piano
2858,Piano
2859,Piano
2860,Piano
2861,Piano
2862,Piano
2863,Piano
2864,Piano
2865,Piano
2866,Piano
2867,Piano
2868,Piano
2869,Piano
2870,Piano
2871,Piano
2872,Piano
2873,Piano
2874,Piano
2875,Piano
2876,Piano
2877,Piano
2878,Piano
2879,Piano
2880,Piano
2881,Piano
2882,Piano
2883,Piano
2884,Piano
2885,Piano
2886,Piano
2887,Piano
2888,Piano
2889,Piano
2890,Piano
2891,Piano
2892,Piano
2893,Piano
2894,Piano
2895,Piano
2896,Piano
2897,Piano
2898,Piano
2899,Piano
2900,Piano
2901,Piano
2902,Piano
2903,Piano
2904,Piano
2905,Piano
2906,Piano
2907,Piano
2908,Piano
2909,Piano
2910,Piano
2911,Piano
2912,Piano
2913,Piano
2914,Piano
2915,Piano
2916,Piano
2917,Piano
2918,Piano
2919,Piano
2920,Piano
2921,Piano
2922,Piano
2923,Piano
2924,Piano
2925,Piano
2926,Piano
2927,Piano
2928,Piano
2929,Piano
2930,Piano
2931,Piano
2932,Piano
2933,Piano
2934,Piano
2935,Piano
2936,Piano
2937,Piano
2938,Piano
2939,Piano
2940,Piano
2941,Piano
2942,Piano
2943,Piano
2944,Piano
2945,Piano
2946,Piano
2947,Piano
2948,Piano
2949,Piano
2950,Piano
2951,Piano
2952,Piano
2953,Piano
2954,Piano
2955,Piano
2956,Piano
2957,Piano
2958,Piano
2959,Piano
2960,Piano
2961,Piano
2962,Piano
2963,Piano
2964,Piano
2965,Piano
2966,Piano
2967,Piano
2968,Piano
2969,Piano
2970,Piano
2971,Piano
2972,Piano
2973,Piano
2974,Piano
2975,Piano
2976,Piano
2977,Piano
2978,Piano
2979,Piano
2980,Piano
2981,Piano
2982,Piano
2983,Piano
2984,Piano
2985,Piano
2986,Piano
2987,Piano
2988,Piano
2989,Piano
2990,Piano
2991,Piano
2992,Piano
2993,Piano
2994,Piano
2995,Piano
2996,Piano
2997,Piano
2998,Piano
2999,Piano
3000,Piano
3001,Piano
3002,Piano
3003,Piano
3004,Piano
3005,Piano
3006,Piano
3007,Piano
3008,Piano
3009,Piano
3010,Piano
3011,Piano
3012,Piano
3013,Piano
3014,Piano
3015,Piano
3016,Piano
3017,Piano
3018,Piano
3019,Piano
3020,Piano
3021,Piano
3022,Piano
3023,Piano
3024,Piano
3025,Piano
3026,Piano
3027,Piano
3028,Piano
3029,Piano
3030,Piano
3031,Piano
3032,Piano
3033,Piano
3034,Piano
3035,Piano
3036,Piano
3037,Piano
3038,Piano
3039,Piano
3040,Piano
3041,Piano
3042,Piano
3043,Piano
3044,Piano
3045,Piano
3046,Piano
3047,Piano
3048,Piano
3049,Piano
3050,Piano
3051,Piano
3052,Piano
3053,Piano
3054,Piano
3055,Piano
3056,Piano
3057,Piano
3058,Piano
3059,Piano
3060,Piano
3061,Piano
3062,Piano
3063,Piano
3064,Piano
3065,Piano
3066,Piano
3067,Piano
3068,Piano
3069,Piano
3070,Piano
3071,Piano
3072,Piano
3073,Piano
3074,Piano
3075,Piano
3076,Piano
3077,Piano
3078,Piano
3079,Piano
3080,Piano
3081,Piano
3082,Piano
3083,Piano
3084,Piano
3085,Piano
3086,Piano
3087,Piano
3088,Piano
3089,Piano
3090,Piano
3091,Piano
3092,Piano
3093,Piano
3094,Piano
3095,Piano
3096,Piano
3097,Piano
3098,Piano
3099,Piano
3100,Piano
3101,Piano
3102,Piano
3103,Piano
3104,Piano
3105,Piano
3106,Piano
3107,Piano
3108,Piano
3109,Piano
3110,Piano
3111,Piano
3112,Piano
3113,Piano
3114,Piano
3115,Piano
3116,Piano
3117,Piano
3118,Piano
3119,Piano
3120,Piano
3121,Piano
3122,Piano
3123,Piano
3124,Piano
3125,Piano
3126,Piano
3127,Piano
3128,Piano
3129,Piano
3130,Piano
3131,Piano
3132,Piano
3133,Piano
3134,Piano
3135,Piano
3136,Piano
3137,Piano
3138,Piano
3139,Piano
3140,Piano
3141,Piano
3142,Piano
3143,Piano
3144,Piano
3145,Piano
3146,Piano
3147,Piano
3148,Piano
3149,Piano
3150,Piano
3151,Piano
3152,Piano
3153,Piano
3154,Piano
3155,Piano
3156,Piano
3157,Piano
3158,Piano
3159,Piano
3160,Piano
3161,Piano
3162,Piano
3163,Piano
3164,Piano
3165,Piano
3166,Piano
3167,Piano
3168,Piano
3169,Piano
3170,Piano
3171,Piano
3172,Piano
3173,Piano
3174,Piano
3175,Piano
3176,Piano
3177,Piano
3178,Piano
3179,Piano
3180,Piano
3181,Piano
3182,Piano
3183,Piano
3184,Piano
3185,Piano
3186,Piano
3187,Piano
3188,Piano
3189,Piano
3190,Piano
3191,Piano
3192,Piano
3193,Piano
3194,Piano
3195,Piano
3196,Piano
3197,Piano
3198,Piano
3199,Piano
3200,Piano
3201,Piano
3202,Piano
3203,Piano
3204,Piano
3205,Piano
3206,Piano
3207,Piano
3208,Piano
3209,Piano
3210,Piano
3211,Piano
3212,Piano
3213,Piano
3214,Piano
3215,Piano
3216,Piano
3217,Piano
3218,Piano
3219,Piano
3220,Piano
3221,Piano
3222,Piano
3223,Piano
3224,Piano
3225,Piano
3226,Piano
3227,Piano
3228,Piano
3229,Piano
3230,Piano
3231,Piano
3232,Piano
3233,Piano
3234,Piano
3235,Piano
3236,Piano
3237,Piano
3238,Piano
3239,Piano
3240,Piano
3241,Piano
3242,Piano
3243,Piano
3244,Piano
3245,Piano
3246,Piano
3247,Piano
3248,Piano
3249,Piano
3250,Piano
3251,Piano
3252,Piano
3253,Piano
3254,Piano
3255,Piano
3256,Piano
3257,Piano
3258,Piano
3259,Piano
3260,Piano
3261,Piano
3262,Piano
3263,Piano
3264,Piano
3265,Piano
3266,Piano
3267,Piano
3268,Piano
3269,Piano
3270,Piano
3271,Piano
3272,Piano
3273,Piano
3274,Piano
3275,Piano
3276,Piano
3277,Piano
3278,Piano
3279,Piano
3280,Piano
3281,Piano
3282,Piano
3283,Piano
3284,Piano
3285,Piano
3286,Piano
3287,Piano
3288,Piano
3289,Piano
3290,Piano
3291,Piano
3292,Piano
3293,Piano
3294,Piano
3295,Piano
3296,Piano
3297,Piano
3298,Piano
3299,Piano
3300,Piano
3301,Piano
3302,Piano
3303,Piano
3304,Piano
3305,Piano
3306,Piano
3307,Piano
3308,Piano
3309,Piano
3310,Piano
3311,Piano
3312,Piano
3313,Piano
3314,Piano
3315,Piano
3316,Piano
3317,Piano
3318,Piano
3319,Piano
3320,Piano
3321,Piano
3322,Piano
3323,Piano
3324,Piano
3325,Piano
3326,Piano
3327,Piano
3328,Piano
3329,Piano
3330,Piano
3331,Piano
3332,Piano
3333,Piano
3334,Piano
3335,Piano
3336,Piano
3337,Piano
3338,Piano
3339,Piano
3340,Piano
3341,Piano
3342,Piano
3343,Piano
3344,Piano
3345,Piano
3346,Piano
3347,Piano
3348,Piano
3349,Piano
3350,Piano
3351,Piano
3352,Piano
3353,Piano
3354,Piano
3355,Piano
3356,Piano
3357,Piano
3358,Piano
3359,Piano
3360,Piano
3361,Piano
3362,Piano
3363,Piano
3364,Piano
3365,Piano
3366,Piano
3367,Piano
3368,Piano
3369,Piano
3370,Piano
3371,Piano
3372,"Piano,Woodwinds (other)"
3373,Piano
3374,Piano
3375,Piano
3376,Piano
3377,Piano
3378,Piano
3379,Piano
3380,Piano
3381,Piano
3382,Piano
3383,Piano
3384,Piano
3385,Piano
3386,Piano
3387,Piano
3388,Piano
3389,Piano
3390,Piano
3391,Piano
3392,Piano
3393,Piano
3394,Piano
3395,Piano
3396,Piano
3397,Piano
3398,Piano
3399,Piano
3400,Piano
3401,Piano
3402,Piano
3403,Piano
3404,Piano
3405,Piano
3406,Piano
3407,Piano
3408,Piano
3409,Piano
3410,Piano
3411,Piano
3412,Piano
3413,Piano
3414,Piano
3415,Piano
3416,Piano
3417,Piano
3418,Piano
3419,Piano
3420,Piano
3421,Piano
3422,Piano
3423,Piano
3424,Piano
3425,Piano
3426,Piano
3427,Piano
3428,Piano
3429,Piano
3430,Piano
3431,Piano
3432,Piano
3433,Piano
3434,Piano
3435,Piano
3436,Piano
3437,Piano
3438,Piano
3439,Piano
3440,Piano
3441,Piano
3442,Piano
3443,Piano
3444,Piano
3445,Piano
3446,Piano
3447,Piano
3448,Piano
3449,Piano
3450,Piano
3451,Piano
3452,Piano
3453,Piano
3454,Piano
3455,Piano
3456,Piano
3457,Piano
3458,Piano
3459,Piano
3460,Piano
3461,Piano
3462,Piano
3463,Piano
3464,Piano
3465,Piano
3466,Piano
3467,Piano
3468,Piano
3469,Piano
3470,Piano
3471,Piano
3472,Piano
3473,Piano
3474,Piano
3475,Piano
3476,Piano
3477,Piano
3478,Piano
3479,Piano
3480,Piano
3481,Piano
3482,Piano
3483,Piano
3484,Piano
3485,Piano
3486,Piano
3487,Piano
3488,Piano
3489,Piano
3490,Piano
3491,Piano
3492,Piano
3493,Piano
3494,Piano
3495,Piano
3496,Piano
3497,Piano
3498,Piano
3499,Piano
3500,Piano
3501,Piano
3502,Piano
3503,Piano
3504,Piano
3505,Piano
3506,Piano
3507,Piano
3508,Piano
3509,Piano
3510,Piano
3511,Piano
3512,Piano
3513,Piano
3514,Piano
3515,Piano
3516,Piano
3517,Piano
3518,Piano
3519,Piano
3520,Piano
3521,Piano
3522,Piano
3523,Piano
3524,Piano
3525,Piano
3526,Piano
3527,Piano
3528,Piano
3529,Piano
3530,"Clarinet In B-flat,Piano"
3531,Piano
3532,Piano
3533,Piano
3534,Piano
3535,Piano
3536,Piano
3537,Piano
3538,Piano
3539,Piano
3540,Piano
3541,Piano
3542,Piano
3543,Piano
3544,Piano
3545,Piano
3546,Piano
3547,Piano
3548,Piano
3549,Piano
3550,Piano
3551,Piano
3552,Piano
3553,Piano
3554,Piano
3555,Piano
3556,Piano
3557,Piano
3558,Piano
3559,Piano
3560,Piano
3561,Piano
3562,Piano
3563,Piano
3564,Piano
3565,Piano
3566,Piano
3567,Piano
3568,Piano
3569,Piano
3570,Piano
3571,Piano
3572,Piano
3573,Piano
3574,Piano
3575,Piano
3576,Piano
3577,Piano
3578,Piano
3579,Piano
3580,Piano
3581,Piano
3582,Piano
3583,Piano
3584,Piano
3585,Piano
3586,Piano
3587,Piano
3588,Piano
3589,Piano
3590,Piano
3591,Piano
3592,Piano
3593,Piano
3594,Piano
3595,Piano
3596,Piano
3597,Piano
3598,Piano
3599,Piano
3600,Piano
3601,Piano
3602,Piano
3603,Piano
3604,Piano
3605,Piano
3606,Piano
3607,Piano
3608,Piano
3609,Piano
3610,Piano
3611,Piano
3612,Piano
3613,Piano
3614,Piano
3615,Piano
3616,Piano
3617,Piano
3618,Piano
3619,Piano
3620,Piano
3621,Piano
3622,Piano
3623,Piano
3624,Piano
3625,Piano
3626,Piano
3627,Piano
3628,Piano
3629,Piano
3630,Piano
3631,Piano
3632,Piano
3633,Piano
3634,Piano
3635,Piano
3636,Piano
3637,Piano
3638,Piano
3639,Piano
3640,Piano
3641,Piano
3642,Piano
3643,Piano
3644,Piano
3645,Piano
3646,Piano
3647,Piano
3648,Piano
3649,Piano
3650,Piano
3651,Piano
3652,Piano
3653,Piano
3654,Piano
3655,Piano
3656,Piano
3657,Piano
3658,Piano
3659,Piano
3660,Piano
3661,Piano
3662,Piano
3663,Piano
3664,Piano
3665,Piano
3666,Piano
3667,Piano
3668,Piano
3669,Piano
3670,Piano
3671,Piano
3672,Piano
3673,Piano
3674,Piano
3675,Piano
3676,Piano
3677,Piano
3678,Piano
3679,Piano
3680,Piano
3681,Piano
3682,Piano
3683,Piano
3684,Piano
3685,Piano
3686,Piano
3687,Piano
3688,Piano
3689,Piano
3690,Piano
3691,Piano
3692,Piano
3693,Piano
3694,Piano
3695,Piano
3696,Piano
3697,Piano
3698,Piano
3699,Piano
3700,Piano
3701,Piano
3702,Piano
3703,Piano
3704,Piano
3705,Piano
3706,Piano
3707,Piano
3708,Piano
3709,Piano
3710,Piano
3711,Piano
3712,Piano
3713,Piano
3714,Piano
3715,"Piano,Woodwinds (other)"
3716,Piano
3717,"Piano,Woodwinds (other)"
3718,Piano
3719,Piano
3720,Piano
3721,Piano
3722,Piano
3723,Piano
3724,Piano
3725,Piano
3726,Piano
3727,Piano
3728,Piano
3729,Piano
3730,Piano
3731,Piano
3732,Piano
3733,Piano
3734,Piano
3735,Piano
3736,Piano
3737,Piano
3738,Piano
3739,Piano
3740,Piano
3741,Piano
3742,Piano
3743,Piano
3744,Piano
3745,Piano
3746,Piano
3747,Piano
3748,Piano
3749,Piano
3750,Piano
3751,Piano
3752,Piano
3753,Piano
3754,Piano
3755,Piano
3756,Piano
3757,Piano
3758,Piano
3759,Piano
3760,Piano
3761,Piano
3762,Piano
3763,Piano
3764,Piano
3765,Piano
3766,Piano
3767,Piano
3768,Piano
3769,Piano
3770,Piano
3771,Piano
3772,Piano
3773,Piano
3774,Piano
3775,Piano
3776,Piano
3777,Piano
3778,Piano
3779,Piano
3780,Piano
3781,Piano
3782,Piano
3783,Piano
3784,Piano
3785,Piano
3786,Piano
3787,Piano
3788,Piano
3789,Piano
3790,Piano
3791,Piano
3792,Piano
3793,Piano
3794,Piano
3795,Piano
3796,"Piano,Woodwinds (other)"
3797,Piano
3798,Piano
3799,Piano
3800,Piano
3801,Piano
3802,Piano
3803,Piano
3804,Piano
3805,Piano
3806,Piano
3807,Piano
3808,Piano
3809,Piano
3810,Piano
3811,Piano
3812,Piano
3813,Piano
3814,Piano
3815,Piano
3816,Piano
3817,Piano
3818,Piano
3819,Piano
3820,Piano
3821,Piano
3822,Piano
3823,Piano
3824,Piano
3825,Piano
3826,Piano
3827,Piano
3828,Piano
3829,Piano
3830,Piano
3831,Piano
3832,Piano
3833,Piano
3834,Piano
3835,Piano
3836,Piano
3837,Piano
3838,Piano
3839,Piano
3840,Piano
3841,Piano
3842,Piano
3843,Piano
3844,Piano
3845,Piano
3846,Piano
3847,Piano
3848,Piano
3849,Piano
3850,Piano
3851,Piano
3852,Piano
3853,Piano
3854,Piano
3855,Piano
3856,Piano
3857,Piano
3858,Piano
3859,Piano
3860,Piano
3861,Piano
3862,Piano
3863,Piano
3864,Piano
3865,Piano
3866,Piano
3867,Piano
3868,Piano
3869,Piano
3870,Piano
3871,Piano
3872,Piano
3873,Piano
3874,Piano
3875,Piano
3876,Piano
3877,Piano
3878,Piano
3879,Piano
3880,Piano
3881,Piano
3882,Piano
3883,Piano
3884,Piano
3885,Piano
3886,Piano
3887,Piano
3888,Piano
3889,Piano
3890,Piano
3891,Piano
3892,Piano
3893,Piano
3894,Piano
3895,Piano
3896,Piano
3897,Piano
3898,Piano
3899,Piano
3900,Piano
3901,Piano
3902,Piano
3903,Piano
3904,Piano
3905,Piano
3906,Piano
3907,Piano
3908,Piano
3909,Piano
3910,Piano
3911,Piano
3912,Piano
3913,Piano
3914,Piano
3915,Piano
3916,Piano
3917,Piano
3918,Piano
3919,Piano
3920,Piano
3921,Piano
3922,Piano
3923,Piano
3924,Piano
3925,Piano
3926,Piano
3927,Piano
3928,Piano
3929,Piano
3930,Piano
3931,Piano
3932,Piano
3933,Piano
3934,Piano
3935,Piano
3936,Piano
3937,Piano
3938,Piano
3939,Piano
3940,Piano
3941,Piano
3942,Piano
3943,Piano
3944,Piano
3945,Piano
3946,Piano
3947,Piano
3948,Piano
3949,Piano
3950,Piano
3951,Piano
3952,Piano
3953,Piano
3954,Piano
3955,Piano
3956,Piano
3957,Piano
3958,Piano
3959,Piano
3960,Piano
3961,Piano
3962,Piano
3963,Piano
3964,Piano
3965,Piano
3966,Piano
3967,Piano
3968,Piano
3969,Piano
3970,Piano
3971,Piano
3972,Piano
3973,Piano
3974,Piano
3975,Piano
3976,Piano
3977,Piano
3978,Piano
3979,Piano
3980,Piano
3981,Piano
3982,Piano
3983,Piano
3984,Piano
3985,Piano
3986,Piano
3987,Piano
3988,Piano
3989,Piano
3990,Piano
3991,Piano
3992,Piano
3993,Piano
3994,Piano
3995,Piano
3996,Piano
3997,Piano
3998,Piano
3999,Piano
4000,Piano
4001,Piano
4002,Piano
4003,Piano
4004,Piano
4005,Piano
4006,Piano
4007,Piano
4008,Piano
4009,Piano
4010,Piano
4011,Piano
4012,Piano
4013,Piano
4014,Piano
4015,Piano
4016,Piano
4017,Piano
4018,Piano
4019,Piano
4020,Piano
4021,Piano
4022,Piano
4023,Piano
4024,Piano
4025,Piano
4026,Piano
4027,Piano
4028,Piano
4029,Piano
4030,Piano
4031,Piano
4032,Piano
4033,Piano
4034,Piano
4035,Piano
4036,Piano
4037,Piano
4038,Piano
4039,Piano
4040,Piano
4041,Piano
4042,Piano
4043,Piano
4044,Piano
4045,Piano
4046,Piano
4047,Piano
4048,Piano
4049,Piano
4050,Piano
4051,Piano
4052,Piano
4053,Piano
4054,Piano
4055,Piano
4056,Piano
4057,Piano
4058,Piano
4059,Piano
4060,Piano
4061,Piano
4062,Piano
4063,Piano
4064,Piano
4065,Piano
4066,Piano
4067,Piano
4068,Piano
4069,Piano
4070,Piano
4071,Piano
4072,Piano
4073,Piano
4074,Piano
4075,Piano
4076,Piano
4077,Piano
4078,Piano
4079,Piano
4080,Piano
4081,Piano
4082,Piano
4083,Piano
4084,Piano
4085,Piano
4086,Piano
4087,Piano
4088,Piano
4089,Piano
4090,Piano
4091,Piano
4092,Piano
4093,Piano
4094,Piano
4095,Piano
4096,Piano
4097,Piano
4098,Piano
4099,Piano
4100,Piano
4101,Piano
4102,Piano
4103,Piano
4104,Piano
4105,Piano
4106,Piano
4107,Piano
4108,Piano
4109,Piano
4110,Piano
4111,Piano
4112,Piano
4113,Piano
4114,Piano
4115,Piano
4116,Piano
4117,Piano
4118,Piano
4119,Piano
4120,Piano
4121,Piano
4122,Piano
4123,Piano
4124,Piano
4125,Piano
4126,Piano
4127,Piano
4128,Piano
4129,Piano
4130,Piano
4131,Piano
4132,Piano
4133,Piano
4134,Piano
4135,Piano
4136,Piano
4137,Piano
4138,Piano
4139,Piano
4140,Piano
4141,Piano
4142,Piano
4143,Piano
4144,Piano
4145,Piano
4146,Piano
4147,Piano
4148,Piano
4149,Piano
4150,Piano
4151,Piano
4152,Piano
4153,Piano
4154,Piano
4155,Piano
4156,Piano
4157,Piano
4158,Piano
4159,Piano
4160,Piano
4161,Piano
4162,Piano
4163,Piano
4164,Piano
4165,Piano
4166,Piano
4167,Piano
4168,Piano
4169,Piano
4170,Piano
4171,Piano
4172,Piano
4173,Piano
4174,Piano
4175,Piano
4176,Piano
4177,Piano
4178,Piano
4179,Piano
4180,Piano
4181,Piano
4182,Piano
4183,Piano
4184,Piano
4185,Piano
4186,Piano
4187,Piano
4188,Piano
4189,Piano
4190,Piano
4191,Piano
4192,Piano
4193,Piano
4194,Piano
4195,Piano
4196,Piano
4197,Piano
4198,Piano
4199,Piano
4200,Piano
4201,Piano
4202,Piano
4203,Piano
4204,Piano
4205,Piano
4206,Piano
4207,Piano
4208,Piano
4209,Piano
4210,Piano
4211,Piano
4212,Piano
4213,Piano
4214,Piano
4215,Piano
4216,Piano
4217,Piano
4218,Piano
4219,Piano
4220,Piano
4221,Piano
4222,Piano
4223,Piano
4224,Piano
4225,Piano
4226,Piano
4227,Piano
4228,Piano
4229,Piano
4230,Piano
4231,Piano
4232,Piano
4233,Piano
4234,Piano
4235,Piano
4236,Piano
4237,Piano
4238,Piano
4239,Piano
4240,Piano
4241,Piano
4242,Piano
4243,Piano
4244,Piano
4245,Piano
4246,Piano
4247,Piano
4248,Piano
4249,Piano
4250,Piano
4251,Piano
4252,Piano
4253,Piano
4254,Piano
4255,Piano
4256,Piano
4257,Piano
4258,Piano
4259,Piano
4260,Piano
4261,Piano
4262,Piano
4263,Piano
4264,Piano
4265,Piano
4266,Piano
4267,Piano
4268,Piano
4269,Piano
4270,Piano
4271,Piano
4272,Piano
4273,Piano
4274,Piano
4275,Piano
4276,Piano
4277,Piano
4278,Piano
4279,Piano
4280,Piano
4281,Piano
4282,Piano
4283,Piano
4284,Piano
4285,Piano
4286,Piano
4287,Piano
4288,Piano
4289,Piano
4290,Piano
4291,Piano
4292,Piano
4293,Piano
4294,Piano
4295,Piano
4296,Piano
4297,Piano
4298,Piano
4299,Piano
4300,Piano
4301,Piano
4302,Piano
4303,Piano
4304,Piano
4305,Piano
4306,Piano
4307,Piano
4308,Piano
4309,Piano
4310,Piano
4311,Piano
4312,Piano
4313,Piano
4314,Piano
4315,Piano
4316,Piano
4317,Piano
4318,Piano
4319,Piano
4320,Piano
4321,Piano
4322,Piano
4323,Piano
4324,Piano
4325,Piano
4326,Piano
4327,Piano
4328,Piano
4329,Piano
4330,Piano
4331,Piano
4332,Piano
4333,Piano
4334,Piano
4335,Piano
4336,Piano
4337,Piano
4338,Piano
4339,Piano
4340,Piano
4341,Piano
4342,Piano
4343,Piano
4344,Piano
4345,Piano
4346,Piano
4347,Piano
4348,Piano
4349,Piano
4350,Piano
4351,Piano
4352,Piano
4353,Piano
4354,Piano
4355,Piano
4356,Piano
4357,Piano
4358,Piano
4359,Piano
4360,Piano
4361,Piano
4362,Piano
4363,Piano
4364,Piano
4365,Piano
4366,Piano
4367,Piano
4368,Piano
4369,Piano
4370,Piano
4371,Piano
4372,Piano
4373,Piano
4374,Piano
4375,Piano
4376,Piano
4377,Piano
4378,Piano
4379,Piano
4380,Piano
4381,Piano
4382,Piano
4383,Piano
4384,Piano
4385,Piano
4386,Piano
4387,Piano
4388,Piano
4389,Piano
4390,Piano
4391,Piano
4392,Piano
4393,Piano
4394,Piano
4395,Piano
4396,Piano
4397,Piano
4398,Piano
4399,Piano
4400,Piano
4401,Piano
4402,Piano
4403,Piano
4404,Piano
4405,Piano
4406,Piano
4407,Piano
4408,Piano
4409,Piano
4410,Piano
4411,Piano
4412,Piano
4413,Piano
4414,Piano
4415,Piano
4416,Piano
4417,Piano
4418,Piano
4419,Piano
4420,Piano
4421,Piano
4422,Piano
4423,Piano
4424,Piano
4425,Piano
4426,Piano
4427,Piano
4428,Piano
4429,Piano
4430,Piano
4431,Piano
4432,Piano
4433,Piano
4434,Piano
4435,Piano
4436,Piano
4437,Piano
4438,Piano
4439,Piano
4440,Piano
4441,Piano
4442,Piano
4443,Piano
4444,Piano
4445,Piano
4446,Piano
4447,Piano
4448,Piano
4449,Piano
4450,Piano
4451,Piano
4452,Piano
4453,Piano
4454,Piano
4455,Piano
4456,Piano
4457,Piano
4458,Piano
4459,Piano
4460,Piano
4461,Piano
4462,Piano
4463,Piano
4464,Piano
4465,Piano
4466,Piano
4467,Piano
4468,Piano
4469,Piano
4470,Piano
4471,Piano
4472,Piano
4473,Piano
4474,Piano
4475,Piano
4476,Piano
4477,Piano
4478,Piano
4479,Piano
4480,Piano
4481,Piano
4482,Piano
4483,Piano
4484,Piano
4485,Piano
4486,Piano
4487,Piano
4488,Piano
4489,Piano
4490,Piano
4491,Piano
4492,Piano
4493,Piano
4494,Piano
4495,Piano
4496,Piano
4497,Piano
4498,Piano
4499,Piano
4500,Piano
4501,Piano
4502,Piano
4503,Piano
4504,Piano
4505,Piano
4506,Piano
4507,Piano
4508,Piano
4509,Piano
4510,Piano
4511,Piano
4512,Piano
4513,Piano
4514,Piano
4515,Piano
4516,Piano
4517,Piano
4518,Piano
4519,Piano
4520,Piano
4521,Piano
4522,Piano
4523,Piano
4524,Piano
4525,Piano
4526,Piano
4527,Piano
4528,Piano
4529,Piano
4530,Piano
4531,Piano
4532,Piano
4533,Piano
4534,Piano
4535,Piano
4536,Piano
4537,Piano
4538,Piano
4539,Piano
4540,Piano
4541,Piano
4542,Piano
4543,Piano
4544,Piano
4545,Piano
4546,Piano
4547,Piano
4548,Piano
4549,Piano
4550,Piano
4551,Piano
4552,Piano
4553,Piano
4554,Piano
4555,Piano
4556,Piano
4557,Piano
4558,Piano
4559,Piano
4560,Piano
4561,Piano
4562,Piano
4563,Piano
4564,Piano
4565,Piano
4566,Piano
4567,Piano
4568,Piano
4569,Piano
4570,Piano
4571,Piano
4572,Piano
4573,Piano
4574,Piano
4575,Piano
4576,Piano
4577,Piano
4578,Piano
4579,Piano
4580,Piano
4581,Piano
4582,Piano
4583,Piano
4584,Piano
4585,Piano
4586,Piano
4587,Piano
4588,Piano
4589,Piano
4590,Piano
4591,Piano
4592,Piano
4593,Piano
4594,Piano
4595,Piano
4596,Piano
4597,Piano
4598,Piano
4599,Piano
4600,Piano
4601,Piano
4602,Piano
4603,Piano
4604,Piano
4605,Piano
4606,Piano
4607,Piano
4608,Piano
4609,Piano
4610,Piano
4611,Piano
4612,Piano
4613,Piano
4614,Piano
4615,Piano
4616,Piano
4617,Piano
4618,Piano
4619,Piano
4620,Piano
4621,Piano
4622,Piano
4623,Piano
4624,Piano
4625,Piano
4626,Piano
4627,Piano
4628,Piano
4629,Piano
4630,Piano
4631,Piano
4632,Piano
4633,Piano
4634,Piano
4635,Piano
4636,Piano
4637,Piano
4638,Piano
4639,Piano
4640,Piano
4641,Piano
4642,Piano
4643,Piano
4644,Piano
4645,Piano
4646,Piano
4647,Piano
4648,Piano
4649,Piano
4650,Piano
4651,Piano
4652,Piano
4653,Piano
4654,Piano
4655,Piano
4656,Piano
4657,Piano
4658,Piano
4659,Piano
4660,Piano
4661,Piano
4662,Piano
4663,Piano
4664,Piano
4665,Piano
4666,Piano
4667,Piano
4668,Piano
4669,Piano
4670,Piano
4671,Piano
4672,Piano
4673,Piano
4674,Piano
4675,Piano
4676,Piano
4677,Piano
4678,Piano
4679,Piano
4680,Piano
4681,Piano
4682,Piano
4683,Piano
4684,Piano
4685,Piano
4686,Piano
4687,Piano
4688,Piano
4689,Piano
4690,Piano
4691,Piano
4692,Piano
4693,Piano
4694,Piano
4695,Piano
4696,Piano
4697,Piano
4698,Piano
4699,Piano
4700,Piano
4701,Piano
4702,Piano
4703,Piano
4704,Piano
4705,Piano
4706,Piano
4707,Piano
4708,Piano
4709,Piano
4710,Piano
4711,Piano
4712,Piano
4713,Piano
4714,Piano
4715,Piano
4716,Piano
4717,Piano
4718,Piano
4719,Piano
4720,Piano
4721,Piano
4722,Piano
4723,Piano
4724,Piano
4725,Piano
4726,Piano
4727,Piano
4728,Piano
4729,Piano
4730,Piano
4731,Piano
4732,Piano
4733,Piano
4734,Piano
4735,Piano
4736,Piano
4737,Piano
4738,Piano
4739,Piano
4740,Piano
4741,Piano
4742,Piano
4743,Piano
4744,Piano
4745,Piano
4746,Piano
4747,Piano
4748,Piano
4749,Piano
4750,Piano
4751,Piano
4752,Piano
4753,Piano
4754,Piano
4755,Piano
4756,Piano
4757,Piano
4758,Piano
4759,Piano
4760,Piano
4761,Piano
4762,Piano
4763,Piano
4764,Piano
4765,Piano
4766,Piano
4767,Piano
4768,Piano
4769,Piano
4770,Piano
4771,Piano
4772,Piano
4773,Piano
4774,Piano
4775,Piano
4776,Piano
4777,Piano
4778,Piano
4779,Piano
4780,Piano
4781,Piano
4782,Piano
4783,Piano
4784,Piano
4785,Piano
4786,Piano
4787,Piano
4788,Piano
4789,Piano
4790,Piano
4791,Piano
4792,Piano
4793,Piano
4794,Piano
4795,Piano
4796,Piano
4797,Piano
4798,Piano
4799,Piano
4800,Piano
4801,Piano
4802,Piano
4803,Piano
4804,Piano
4805,Piano
4806,Piano
4807,Piano
4808,Piano
4809,Piano
4810,Piano
4811,Piano
4812,Piano
4813,Piano
4814,Piano
4815,Piano
4816,Piano
4817,Piano
4818,Piano
4819,Piano
4820,Piano
4821,Piano
4822,Piano
4823,Piano
4824,Piano
4825,Piano
4826,Piano
4827,Piano
4828,Piano
4829,Piano
4830,Piano
4831,Piano
4832,Piano
4833,Piano
4834,Piano
4835,Piano
4836,Piano
4837,Piano
4838,Piano
4839,Piano
4840,Piano
4841,Piano
4842,Piano
4843,Piano
4844,Piano
4845,Piano
4846,Piano
4847,Piano
4848,Piano
4849,Piano
4850,Piano
4851,Piano
4852,Piano
4853,Piano
4854,Piano
4855,Piano
4856,Piano
4857,Piano
4858,Piano
4859,Piano
4860,Piano
4861,Piano
4862,Piano
4863,Piano
4864,Piano
4865,Piano
4866,Piano
4867,Piano
4868,Piano
4869,Piano
4870,Piano
4871,Piano
4872,Piano
4873,Piano
4874,Piano
4875,Piano
4876,Piano
4877,Piano
4878,Piano
4879,Piano
4880,Piano
4881,Piano
4882,Piano
4883,Piano
4884,Piano
4885,Piano
4886,Piano
4887,Piano
4888,Piano
4889,Piano
4890,Piano
4891,Piano
4892,Piano
4893,Piano
4894,Piano
4895,Piano
4896,Piano
4897,Piano
4898,Piano
4899,Piano
4900,Piano
4901,Piano
4902,Piano
4903,Piano
4904,Piano
4905,Piano
4906,Piano
4907,Piano
4908,Piano
4909,Piano
4910,Piano
4911,Piano
4912,Piano
4913,Piano
4914,Piano
4915,Piano
4916,Piano
4917,Piano
4918,Piano
4919,Piano
4920,Piano
4921,Piano
4922,Piano
4923,Piano
4924,Piano
4925,Piano
4926,Piano
4927,Piano
4928,Piano
4929,Piano
4930,Piano
4931,Piano
4932,Piano
4933,Piano
4934,Piano
4935,Piano
4936,Piano
4937,Piano
4938,Piano
4939,Piano
4940,Piano
4941,Piano
4942,Piano
4943,Piano
4944,Piano
4945,Piano
4946,Piano
4947,Piano
4948,Piano
4949,Piano
4950,Piano
4951,Piano
4952,Piano
4953,Piano
4954,Piano
4955,Piano
4956,Piano
4957,Piano
4958,Piano
4959,Piano
4960,Piano
4961,Piano
4962,Piano
4963,Piano
4964,Piano
4965,Piano
4966,Piano
4967,Piano
4968,Piano
4969,Piano
4970,Piano
4971,Piano
4972,Piano
4973,Piano
4974,Piano
4975,Piano
4976,Piano
4977,Piano
4978,Piano
4979,Piano
4980,Piano
4981,Piano
4982,Piano
4983,Piano
4984,Piano
4985,Piano
4986,Piano
4987,Piano
4988,Piano
4989,Piano
4990,Piano
4991,Piano
4992,Piano
4993,Piano
4994,Piano
4995,Piano
4996,Piano
4997,Piano
4998,Piano
4999,Piano
5000,Piano
5001,Piano
5002,Piano
5003,Piano
5004,Piano
5005,Piano
5006,Piano
5007,Piano
5008,Piano
5009,Piano
5010,Piano
5011,Piano
5012,Piano
5013,Piano
5014,Piano
5015,Piano
5016,Piano
5017,Piano
5018,Piano
5019,Piano
5020,Piano
5021,Piano
5022,Piano
5023,Piano
5024,Piano
5025,Piano
5026,Piano
5027,Piano
5028,Piano
5029,Piano
5030,Piano
5031,Piano
5032,Piano
5033,Piano
5034,Piano
5035,Piano
5036,Piano
5037,Piano
5038,Piano
5039,Piano
5040,Piano
5041,Piano
5042,Piano
5043,Piano
5044,Piano
5045,Piano
5046,Piano
5047,Piano
5048,Piano
5049,Piano
5050,Piano
5051,Piano
5052,Piano
5053,Piano
5054,Piano
5055,Piano
5056,Piano
5057,Piano
5058,Piano
5059,Piano
5060,Piano
5061,Piano
5062,Piano
5063,Piano
5064,Piano
5065,Piano
5066,Piano
5067,Piano
5068,Piano
5069,Piano
5070,Piano
5071,Piano
5072,Piano
5073,Piano
5074,Piano
5075,Piano
5076,Piano
5077,Piano
5078,Piano
5079,Piano
5080,Piano
5081,Piano
5082,Piano
5083,Piano
5084,Piano
5085,Piano
5086,Piano
5087,Piano
5088,Piano
5089,Piano
5090,Piano
5091,Piano
5092,Piano
5093,Piano
5094,Piano
5095,Piano
5096,Piano
5097,Piano
5098,Piano
5099,Piano
5100,Piano
5101,Piano
5102,Piano
5103,Piano
5104,Piano
5105,Piano
5106,Piano
5107,Piano
5108,Piano
5109,Piano
5110,Piano
5111,Piano
5112,Piano
5113,Piano
5114,Piano
5115,Piano
5116,Piano
5117,Piano
5118,Piano
5119,Piano
5120,Piano
5121,Piano
5122,Piano
5123,Piano
5124,Piano
5125,Piano
5126,Piano
5127,Piano
5128,Piano
5129,Piano
5130,Piano
5131,Piano
5132,Piano
5133,Piano
5134,Piano
5135,Piano
5136,Piano
5137,Piano
5138,Piano
5139,Piano
5140,Piano
5141,Piano
5142,Piano
5143,Piano
5144,Piano
5145,Piano
5146,Piano
5147,Piano
5148,Piano
5149,Piano
5150,Piano
5151,Piano
5152,Piano
5153,Piano
5154,Piano
5155,Piano
5156,Piano
5157,Piano
5158,Piano
5159,Piano
5160,Piano
5161,Piano
5162,Piano
5163,Piano
5164,Piano
5165,Piano
5166,Piano
5167,Piano
5168,Piano
5169,Piano
5170,Piano
5171,Piano
5172,Piano
5173,Piano
5174,Piano
5175,Piano
5176,Piano
5177,Piano
5178,Piano
5179,Piano
5180,Piano
5181,Piano
5182,Piano
5183,Piano
5184,Piano
5185,Piano
5186,Piano
5187,Piano
5188,Piano
5189,Piano
5190,Piano
5191,Piano
5192,Piano
5193,Piano
5194,Piano
5195,Piano
5196,Piano
5197,Piano
5198,Piano
5199,Piano
5200,Piano
5201,Piano
5202,Piano
5203,Piano
5204,Piano
5205,Piano
5206,Piano
5207,Piano
5208,Piano
5209,Piano
5210,Piano
5211,Piano
5212,Piano
5213,Piano
5214,Piano
5215,Piano
5216,Piano
5217,Piano
5218,Piano
5219,Piano
5220,Piano
5221,Piano
5222,Piano
5223,Piano
5224,Piano
5225,Piano
5226,Piano
5227,Piano
5228,Piano
5229,Piano
5230,Piano
5231,Piano
5232,Piano
5233,Piano
5234,Piano
5235,Piano
5236,Piano
5237,Piano
5238,Piano
5239,Piano
5240,Piano
5241,Piano
5242,Piano
5243,Piano
5244,Piano
5245,Piano
5246,Piano
5247,Piano
5248,Piano
5249,Piano
5250,Piano
5251,Piano
5252,Piano
5253,Piano
5254,Piano
5255,Piano
5256,Piano
5257,Piano
5258,Piano
5259,Piano
5260,Piano
5261,Piano
5262,Piano
5263,Piano
5264,Piano
5265,Piano
5266,Piano
5267,Piano
5268,Piano
5269,Piano
5270,Piano
5271,Piano
5272,Piano
5273,Piano
5274,Piano
5275,Piano
5276,Piano
5277,Piano
5278,Piano
5279,Piano
5280,Piano
5281,Piano
5282,Piano
5283,Piano
5284,Piano
5285,Piano
5286,Piano
5287,Piano
5288,Piano
5289,Piano
5290,Piano
5291,Piano
5292,Piano
5293,Piano
5294,Piano
5295,Piano
5296,Piano
5297,Piano
5298,Piano
5299,Piano
5300,Piano
5301,Piano
5302,Piano
5303,Piano
5304,Piano
5305,Piano
5306,Piano
5307,Piano
5308,Piano
5309,Piano
5310,Piano
5311,Piano
5312,Piano
5313,Piano
5314,Piano
5315,Piano
5316,Piano
5317,Piano
5318,Piano
5319,Piano
5320,Piano
5321,Piano
5322,Piano
5323,Piano
5324,Piano
5325,Piano
5326,Piano
5327,Piano
5328,Piano
5329,Piano
5330,Piano
5331,Piano
5332,Violin
5333,Bass Guitar
5334,Bass Guitar
5335,Cello
5336,Bass Guitar
5337,Ukulele
5338,Violin
5339,Recorder
5340,Saxophone Alto
5341,Piano
5342,Bass Guitar
5343,Piano
5344,Piano (2)
5345,Piano
5346,Piano
5347,Piano
5348,Piano
5349,Piano
5350,Piano
5351,Piano
5352,Piano
5353,Piano
5354,Piano
5355,Bass Guitar
5356,Bass Guitar
5357,Bass Guitar
5358,Piano
5359,Guitar
5360,Piano
5361,Piano
5362,Vocals
5363,Piano
5364,Piano
5365,Piano (2)
5366,Flute
5367,Piano (2)
5368,Piano (2)
5369,Piano
5370,Piano
5371,Piano
5372,Piano
5373,Synthesizer (2)
5374,Piano
5375,Piano
5376,Piano
5377,Piano
5378,Piano
5379,Piano
5380,Piano
5381,Piano (2)
5382,Soprano
5383,Piano
5384,Piano
5385,Piano
5386,Piano
5387,Piano
5388,Piano
5389,Piano
5390,Piano
5391,Piano
5392,Piano
5393,Piano (3)
5394,Piano
5395,Piano
5396,Piano
5397,Piano
5398,Piano
5399,Piano
5400,Piano
5401,Piano
5402,Piano
5403,Piano
5404,Piano
5405,Piano
5406,Piano
5407,Piano
5408,"Piano,Drum Group"
5409,Piano
5410,Piano
5411,Piano
5412,Piano
5413,Piano
5414,Piano
5415,Piano
5416,Piano
5417,Organ
5418,Bass Guitar
5419,Organ
5420,"Piano,Cello"
5421,Piano
5422,Piano
5423,Organ
5424,Piano
5425,Piano
5426,Piano
5427,Piano
5428,Piano
5429,Piano
5430,Piano
5431,Piano
5432,Piano
5433,Piano
5434,Piano
5435,Piano
5436,Organ
5437,Vocals
5438,Piano
5439,Viola
5440,Piano
5441,Piano
5442,Piano
5443,Piano
5444,Piano
5445,Piano
5446,Piano
5447,Piano
5448,Piano
5449,Piano
5450,Piano
5451,Piano
5452,Piano
5453,Guitar (2)
5454,Piano
5455,Piano
5456,Piano
5457,Piano
5458,Piano
5459,Piano
5460,Piano
5461,Piano
5462,Piano
5463,Piano
5464,Piano
5465,Piano
5466,Piano
5467,Piano
5468,Piano
5469,"Guitar,Piano"
5470,Piano
5471,Piano
5472,Piano
5473,Piano
5474,Vocals
5475,Organ
5476,Soprano
5477,Vocals
5478,Accordion
5479,Organ
5480,Saxophone Alto
5481,Violin
5482,Tenor
5483,Viola
5484,Organ
5485,Vocals
5486,Organ
5487,Guitar
5488,"Tenor,Bass Voice,Organ"
5489,Soprano
5490,Guitar
5491,Piano
5492,Ukulele
5493,"Clarinet Other,Piano"
5494,Organ
5495,Organ
5496,Guitar
5497,Voice (other)
5498,Organ
5499,Piano
5500,"Tenor,Cello"
5501,Piano
5502,Piano
5503,Piano
5504,Alto
5505,Piano
5506,Ukulele
5507,"Tenor,Cello"
5508,Piano
5509,Harp
5510,Piano
5511,Piano
5512,"Clarinet In B-flat,Piano"
5513,Piano
5514,Bass Guitar
5515,Piano
5516,"Clarinet In B-flat,Piano"
5517,"Clarinet Other,Piano"
5518,Cello
5519,Piano
5520,"Clarinet In B-flat,Piano"
5521,Piano
5522,Piano
5523,Organ
5524,"Clarinet In B-flat,Piano"
5525,Piano
5526,"Clarinet In B-flat,Piano"
5527,Piano
5528,Piano
5529,Violin
5530,Oboe
5531,Harp
5532,Guitar
5533,Piano
5534,"Clarinet In B-flat,Piano"
5535,"Clarinet In B-flat,Piano"
5536,Piano
5537,"Clarinet In B-flat,Piano"
5538,"Organ (2),Flute"
5539,Piano
5540,Bouzouki
5541,"Clarinet Other,Piano"
5542,Viola
5543,Piano
5544,"Clarinet In B-flat,Piano"
5545,"Clarinet In B-flat,Piano"
5546,"Clarinet In B-flat,Piano"
5547,Piano
5548,"Clarinet Other,Piano"
5549,Piano
5550,Banjo (2)
5551,"Flute,Piano"
5552,"Clarinet In B-flat,Piano"
5553,Piano
5554,"Clarinet In B-flat,Piano"
5555,"Clarinet In B-flat,Piano"
5556,Piano
5557,"Clarinet In B-flat,Piano"
5558,Guitar
5559,"Clarinet Other,Piano"
5560,Guitar
5561,"Clarinet Other,Piano"
5562,Vocals
5563,Piano
5564,"Clarinet In B-flat,Piano"
5565,"Piano (2),Flute,Flute Piccolo,Accordion,Violin"
5566,"Clarinet In B-flat,Piano"
5567,"Clarinet In B-flat,Piano"
5568,"Clarinet Other,Piano"
5569,Piano
5570,Piano
5571,"Clarinet Other,Piano"
5572,"Clarinet Other,Piano"
5573,"Clarinet Other,Piano"
5574,Piano
5575,"Vocals,Piano"
5576,Piano
5577,"Clarinet Other,Piano"
5578,"Clarinet In B-flat,Piano"
5579,"Clarinet In B-flat,Piano"
5580,"Clarinet In B-flat,Piano"
5581,Piano
5582,"Clarinet In B-flat,Piano"
5583,Piano
5584,"Violin,Piano"
5585,Piano
5586,"Clarinet In B-flat,Piano"
5587,"Clarinet In B-flat,Piano"
5588,"Clarinet In B-flat,Piano"
5589,"Clarinet In B-flat,Piano"
5590,"Vocals,Banjo"
5591,"Clarinet In B-flat,Piano"
5592,"Clarinet In B-flat,Piano"
5593,"Clarinet In B-flat,Piano"
5594,"Clarinet In B-flat,Piano"
5595,"Clarinet In B-flat,Piano"
5596,"Clarinet In B-flat,Piano"
5597,"Clarinet In B-flat,Piano"
5598,"Clarinet In B-flat,Piano"
5599,Piano
5600,"Clarinet Other,Piano"
5601,Piano
5602,"Clarinet Other,Piano"
5603,"Clarinet Other,Piano"
5604,"Clarinet Other,Piano"
5605,"Clarinet Other,Piano"
5606,"Clarinet Other,Piano"
5607,"Clarinet Other,Piano"
5608,"Clarinet Other,Piano"
5609,"Violin,Piano"
5610,Piano
5611,"Clarinet In B-flat,Piano"
5612,Guitar (2)
5613,Piano
5614,"Clarinet In B-flat,Piano"
5615,"Clarinet In B-flat,Piano"
5616,Piano
5617,Piano
5618,Piano
5619,"Clarinet In B-flat,Piano"
5620,"Clarinet Other,Piano"
5621,"Clarinet In B-flat,Piano"
5622,"Clarinet In B-flat,Piano"
5623,"Clarinet In B-flat,Piano"
5624,Drum Group
5625,"Clarinet In B-flat,Piano"
5626,"Clarinet In B-flat,Piano"
5627,Piano
5628,Not found
5629,"Clarinet Other,Piano"
5630,"Clarinet Other,Piano"
5631,Piano
5632,"Clarinet Other,Piano"
5633,"Clarinet Other,Piano"
5634,"Clarinet Other,Piano"
5635,"Clarinet Other,Piano"
5636,"Clarinet Other,Piano"
5637,Ukulele
5638,Clarinet In B-flat
5639,Piano
5640,"Clarinet In B-flat,Piano"
5641,"Clarinet In B-flat,Piano"
5642,"Clarinet In B-flat,Piano"
5643,"Clarinet In B-flat,Piano"
5644,"Clarinet In B-flat,Piano"
5645,"Clarinet In B-flat,Piano"
5646,Piano
5647,Organ
5648,"Clarinet In B-flat,Piano"
5649,"Clarinet Other,Piano"
5650,"Clarinet Other,Piano"
5651,"Clarinet Other,Piano"
5652,Piano
5653,Piano
5654,Piano
5655,Banjo (2)
5656,"Flute,Piano"
5657,"Clarinet Other,Piano"
5658,"Violin,Piano"
5659,Piano
5660,Piano
5661,"Clarinet In B-flat,Piano"
5662,Piano
5663,"Clarinet In B-flat,Piano"
5664,"Clarinet In B-flat,Piano"
5665,"Clarinet In B-flat,Piano"
5666,"Clarinet In B-flat,Piano"
5667,"Violin,Flute,Tenor,Bass Voice"
5668,Piano
5669,Piano
5670,Piano
5671,"Clarinet In B-flat,Piano"
5672,"Clarinet In B-flat,Piano"
5673,Piano
5674,"Clarinet In B-flat,Piano"
5675,Piano
5676,"Clarinet Other,Piano"
5677,"Clarinet In B-flat,Piano"
5678,"Clarinet Other,Piano"
5679,"Clarinet Other,Piano"
5680,Piano
5681,"Clarinet Other,Piano"
5682,"Clarinet Other,Piano"
5683,"Clarinet Other,Piano"
5684,"Clarinet Other,Piano"
5685,"Clarinet Other,Piano"
5686,Piano
5687,Flute
5688,"Clarinet Other,Piano"
5689,"Clarinet Other,Piano"
5690,"Clarinet Other,Piano"
5691,Piano
5692,"Clarinet Other,Piano"
5693,"Clarinet Other,Piano"
5694,"Clarinet In B-flat,Piano"
5695,"Clarinet In B-flat,Piano"
5696,"Clarinet In B-flat,Piano"
5697,"Clarinet In B-flat,Piano"
5698,"Clarinet In B-flat,Piano"
5699,Piano
5700,Piano
5701,Piano
5702,Piano
5703,Guitar
5704,"Clarinet Other,Piano"
5705,Piano
5706,Piano
5707,"Clarinet Other,Piano"
5708,Banjo (2)
5709,"Clarinet Other,Piano"
5710,Piano
5711,"Violin,Piano"
5712,"Violin,Piano"
5713,"Violin,Piano"
5714,Piano
5715,Piano
5716,Piano
5717,"Clarinet In B-flat,Piano"
5718,"Clarinet In B-flat,Piano"
5719,"Clarinet In B-flat,Piano"
5720,"Clarinet In B-flat,Piano"
5721,Piano
5722,"Clarinet In B-flat,Piano"
5723,Piano
5724,Piano
5725,"Clarinet In B-flat,Piano"
5726,"Clarinet In B-flat,Piano"
5727,"Clarinet In B-flat,Piano"
5728,"Clarinet In B-flat,Piano"
5729,Saxophone Alto
5730,"Vocals,Piano"
5731,Piano (2)
5732,Piano
5733,Piano
5734,Piano
5735,"Clarinet In B-flat,Piano"
5736,Piano
5737,Piano
5738,"Bass Voice,Harp"
5739,Cello
5740,"Clarinet In B-flat,Piano"
5741,"Clarinet In B-flat,Piano"
5742,Piano
5743,"Clarinet In B-flat,Piano"
5744,"Clarinet In B-flat,Piano"
5745,Piano
5746,"Clarinet In B-flat,Piano"
5747,"Clarinet In B-flat,Piano"
5748,"Clarinet In B-flat,Piano"
5749,Piano
5750,"Clarinet Other,Piano"
5751,"Clarinet Other,Piano"
5752,"Clarinet Other,Piano"
5753,"Clarinet Other,Piano"
5754,Harp
5755,Piano
5756,"Clarinet Other,Piano"
5757,"Clarinet Other,Piano"
5758,"Clarinet Other,Piano"
5759,"Clarinet Other,Piano"
5760,"Clarinet Other,Piano"
5761,"Clarinet Other,Piano"
5762,"Clarinet Other,Piano"
5763,"Clarinet Other,Piano"
5764,"Clarinet Other,Piano"
5765,"Clarinet Other,Piano"
5766,"Clarinet Other,Piano"
5767,"Clarinet Other,Piano"
5768,Piano
5769,Piano
5770,"Clarinet Other,Piano"
5771,"Clarinet Other,Piano"
5772,Piano
5773,"Clarinet Other,Piano"
5774,"Clarinet Other,Piano"
5775,Banjo (2)
5776,Banjo (2)
5777,Banjo (2)
5778,Banjo (2)
5779,Banjo (2)
5780,"Clarinet Other,Piano"
5781,"Clarinet Other,Piano"
5782,"Clarinet Other,Piano"
5783,Piano
5784,"Clarinet Other,Piano"
5785,"Clarinet Other,Piano"
5786,"Clarinet Other,Piano"
5787,"Clarinet Other,Piano"
5788,Piano
5789,Piano (2)
5790,"Clarinet Other,Piano"
5791,"Violin,Piano"
5792,"Clarinet Other,Piano"
5793,Piano
5794,Piano
5795,Piano
5796,Piano
5797,Piano
5798,Piano
5799,Vocals
5800,Piano
5801,Piano
5802,Piano
5803,"Clarinet In B-flat,Piano"
5804,Piano
5805,"Clarinet In B-flat,Piano"
5806,"Clarinet In B-flat,Piano"
5807,"Clarinet In B-flat,Piano"
5808,"Clarinet In B-flat,Piano"
5809,"Clarinet In B-flat,Piano"
5810,"Clarinet In B-flat,Piano"
5811,"Clarinet In B-flat,Piano"
5812,"Clarinet In B-flat,Piano"
5813,Piano
5814,Piano
5815,"Clarinet In B-flat,Piano"
5816,"Clarinet In B-flat,Piano"
5817,"Clarinet In B-flat,Piano"
5818,"Clarinet In B-flat,Piano"
5819,Piano
5820,"Clarinet In B-flat,Piano"
5821,"Clarinet In B-flat,Piano"
5822,Piano
5823,"Clarinet Other,Piano"
5824,"Clarinet In B-flat,Piano"
5825,"Clarinet Other,Piano"
5826,"Clarinet Other,Piano"
5827,"Clarinet Other,Piano"
5828,"Clarinet Other,Piano"
5829,"Clarinet Other,Piano"
5830,"Clarinet Other,Piano"
5831,"Clarinet Other,Piano"
5832,Piano
5833,"Clarinet Other,Piano"
5834,"Clarinet Other,Piano"
5835,"Clarinet Other,Piano"
5836,"Clarinet Other,Piano"
5837,"Clarinet Other,Piano"
5838,"Clarinet Other,Piano"
5839,"Clarinet Other,Piano"
5840,Piano
5841,"Clarinet Other,Piano"
5842,"Clarinet Other,Piano"
5843,Banjo (2)
5844,"Clarinet Other,Piano"
5845,"Clarinet Other,Piano"
5846,"Clarinet Other,Piano"
5847,Banjo (2)
5848,"Clarinet Other,Piano"
5849,"Clarinet Other,Piano"
5850,Piano
5851,Banjo (2)
5852,"Clarinet Other,Piano"
5853,Piano
5854,Piano
5855,"Clarinet Other,Piano"
5856,"Clarinet Other,Piano"
5857,Piano
5858,"Clarinet Other,Piano"
5859,"Clarinet Other,Piano"
5860,Piano
5861,Piano
5862,Piano
5863,Piano
5864,"Clarinet In B-flat,Piano"
5865,"Clarinet In B-flat,Piano"
5866,"Clarinet In B-flat,Piano"
5867,Piano
5868,"Clarinet In B-flat,Piano"
5869,"Clarinet In B-flat,Piano"
5870,"Clarinet In B-flat,Piano"
5871,"Clarinet In B-flat,Piano"
5872,"Clarinet In B-flat,Piano"
5873,"Clarinet In B-flat,Piano"
5874,"Clarinet In B-flat,Piano"
5875,Piano
5876,"Clarinet Other,Piano"
5877,"Clarinet In B-flat,Piano"
5878,"Clarinet In B-flat,Piano"
5879,"Clarinet In B-flat,Piano"
5880,"Clarinet In B-flat,Piano"
5881,"Clarinet Other,Piano"
5882,"Clarinet Other,Piano"
5883,"Clarinet Other,Piano"
5884,"Clarinet Other,Piano"
5885,"Clarinet Other,Piano"
5886,"Clarinet Other,Piano"
5887,"Clarinet Other,Piano"
5888,"Clarinet Other,Piano"
5889,"Clarinet Other,Piano"
5890,Piano
5891,"Clarinet Other,Piano"
5892,"Clarinet Other,Piano"
5893,"Clarinet Other,Piano"
5894,Piano
5895,Piano
5896,Vocals
5897,Piano
5898,Piano
5899,"Clarinet Other,Piano"
5900,"Clarinet Other,Piano"
5901,"Voice (other),Piano"
5902,"Clarinet Other,Piano"
5903,Piano
5904,"Clarinet Other,Piano"
5905,"Clarinet Other,Piano"
5906,Piano
5907,"Clarinet Other,Piano"
5908,"Clarinet Other,Piano"
5909,Piano
5910,"Clarinet Other,Piano"
5911,Banjo (3)
5912,"Clarinet Other,Piano"
5913,Banjo (2)
5914,"Clarinet Other,Piano"
5915,Piano
5916,Piano
5917,"Clarinet Other,Piano"
5918,"Clarinet Other,Piano"
5919,"Clarinet Other,Piano"
5920,"Clarinet Other,Piano"
5921,"Clarinet Other,Piano"
5922,"Clarinet Other,Piano"
5923,"Clarinet Other,Piano"
5924,"Clarinet Other,Piano"
5925,"Clarinet Other,Piano"
5926,"Clarinet Other,Piano"
5927,Piano
5928,"Clarinet Other,Piano"
5929,Piano
5930,Piano
5931,Piano
5932,Piano
5933,Piano
5934,Piano
5935,Piano
5936,Bass Guitar
5937,Piano
5938,Piano
5939,"Clarinet In B-flat,Piano"
5940,Piano
5941,"Clarinet In B-flat,Piano"
5942,"Clarinet In B-flat,Piano"
5943,"Clarinet In B-flat,Piano"
5944,Piano
5945,"Clarinet In B-flat,Piano"
5946,"Clarinet In B-flat,Piano"
5947,"Recorder,Piano"
5948,"Clarinet In B-flat,Piano"
5949,Piano
5950,Piano
5951,"Clarinet In B-flat,Piano"
5952,Vocals
5953,Piano
5954,Piano (2)
5955,"Clarinet In B-flat,Piano"
5956,"Clarinet In B-flat,Piano"
5957,"Clarinet In B-flat,Piano"
5958,"Clarinet In B-flat,Piano"
5959,"Clarinet In B-flat,Piano"
5960,Piano
5961,"Clarinet Other,Piano"
5962,"Clarinet Other,Piano"
5963,"Clarinet Other,Piano"
5964,"Clarinet Other,Piano"
5965,"Clarinet Other,Piano"
5966,"Clarinet Other,Piano"
5967,"Clarinet Other,Piano"
5968,"Clarinet Other,Piano"
5969,"Clarinet Other,Piano"
5970,"Clarinet Other,Piano"
5971,"Clarinet Other,Piano"
5972,"Clarinet Other,Piano"
5973,"Clarinet Other,Piano"
5974,"Clarinet Other,Piano"
5975,"Clarinet Other,Piano"
5976,"Clarinet Other,Piano"
5977,"Clarinet Other,Piano"
5978,"Clarinet Other,Piano"
5979,"Clarinet Other,Piano"
5980,"Clarinet Other,Piano"
5981,Banjo (2)
5982,Banjo (2)
5983,"Vocals,Piano"
5984,"Clarinet Other,Piano"
5985,"Clarinet Other,Piano"
5986,"Clarinet Other,Piano"
5987,"Clarinet Other,Piano"
5988,"Clarinet Other,Piano"
5989,Piano
5990,Piano
5991,Piano
5992,"Clarinet Other,Piano"
5993,Piano
5994,Piano
5995,Piano
5996,Piano
5997,Piano
5998,Piano
5999,Piano
6000,Piano
6001,Piano
6002,"Clarinet In B-flat,Piano"
6003,"Clarinet In B-flat,Piano"
6004,"Clarinet In B-flat,Piano"
6005,"Clarinet In B-flat,Piano"
6006,"Clarinet In B-flat,Piano"
6007,"Clarinet In B-flat,Piano"
6008,"Clarinet In B-flat,Piano"
6009,"Clarinet In B-flat,Piano"
6010,"Clarinet In B-flat,Piano"
6011,"Clarinet In B-flat,Piano"
6012,"Clarinet In B-flat,Piano"
6013,"Clarinet In B-flat,Piano"
6014,Piano
6015,"Clarinet Other,Piano"
6016,"Clarinet In B-flat,Piano"
6017,"Clarinet In B-flat,Piano"
6018,"Clarinet In B-flat,Piano"
6019,Piano
6020,"Clarinet In B-flat,Piano"
6021,Vocals
6022,Piano
6023,Piano
6024,"Clarinet In B-flat,Piano"
6025,"Clarinet In B-flat,Piano"
6026,"Clarinet In B-flat,Piano"
6027,"Clarinet In B-flat,Piano"
6028,"Clarinet In B-flat,Piano"
6029,"Clarinet In B-flat,Piano"
6030,"Clarinet Other,Piano"
6031,"Clarinet Other,Piano"
6032,"Clarinet Other,Piano"
6033,"Clarinet Other,Piano"
6034,"Clarinet Other,Piano"
6035,"Clarinet Other,Piano"
6036,Piano
6037,"Clarinet Other,Piano"
6038,"Clarinet Other,Piano"
6039,"Clarinet Other,Piano"
6040,"Clarinet Other,Piano"
6041,Piano
6042,"Clarinet Other,Piano"
6043,"Clarinet Other,Piano"
6044,"Clarinet Other,Piano"
6045,Piano
6046,"Clarinet Other,Piano"
6047,Piano
6048,"Clarinet Other,Piano"
6049,"Clarinet Other,Piano"
6050,Piano
6051,Piano
6052,"Clarinet Other,Piano"
6053,"Clarinet Other,Piano"
6054,Banjo (2)
6055,"Clarinet Other,Piano"
6056,"Clarinet Other,Piano"
6057,Banjo (2)
6058,Piano
6059,Piano
6060,Guitar (2)
6061,Piano
6062,"Clarinet Other,Piano"
6063,Piano
6064,"Clarinet Other,Piano"
6065,"Violin,Piano"
6066,Banjo (2)
6067,"Clarinet Other,Piano"
6068,Piano
6069,Piano
6070,Piano
6071,Piano
6072,Piano
6073,Piano
6074,Piano
6075,Piano
6076,Piano
6077,Piano
6078,Piano
6079,Piano
6080,Piano
6081,Piano
6082,Piano
6083,Piano
6084,Piano
6085,Piano
6086,Piano
6087,Piano
6088,Piano
6089,Piano
6090,Piano
6091,Piano
6092,Piano
6093,Piano
6094,Piano
6095,Piano
6096,Piano
6097,Piano
6098,Piano
6099,Piano
6100,Piano
6101,Piano
6102,Piano
6103,Piano
6104,Piano
6105,Piano
6106,Piano
6107,Piano
6108,Piano
6109,Piano
6110,Piano
6111,Piano
6112,Piano
6113,Piano
6114,Piano
6115,Piano
6116,Piano
6117,Piano
6118,Piano
6119,Piano
6120,Piano
6121,Piano
6122,Piano
6123,Piano
6124,Piano
6125,Piano
6126,Piano
6127,Piano
6128,Piano
6129,Piano
6130,Piano
6131,Piano
6132,Piano
6133,Piano
6134,Piano
6135,Piano
6136,Piano
6137,Piano
6138,Piano
6139,Piano
6140,Piano
6141,Piano
6142,Piano
6143,Piano
6144,Piano
6145,Piano
6146,Piano
6147,Piano
6148,Piano
6149,Piano
6150,Piano
6151,Piano
6152,Piano
6153,Piano
6154,Piano
6155,Piano
6156,Piano
6157,Piano
6158,Piano
6159,Piano
6160,Piano
6161,Piano
6162,Piano
6163,Piano
6164,Piano
6165,Piano
6166,Piano
6167,Piano
6168,Piano
6169,Piano
6170,Piano
6171,Piano
6172,Piano
6173,Piano
6174,Piano
6175,Piano
6176,Piano
6177,Piano
6178,Piano
6179,Piano
6180,Piano
6181,Piano
6182,Piano
6183,Piano
6184,Piano
6185,Piano
6186,Piano
6187,Piano
6188,Piano
6189,Piano
6190,Piano
6191,Piano
6192,Piano
6193,Piano
6194,Piano
6195,Piano
6196,Piano
6197,Piano
6198,Piano
6199,Piano
6200,Piano
6201,Piano
6202,Piano
6203,Piano
6204,Piano
6205,Piano
6206,Piano
6207,Piano
6208,Piano
6209,Piano
6210,Piano
6211,Piano
6212,Piano
6213,Piano
6214,Piano
6215,Piano
6216,Piano
6217,Piano
6218,Piano
6219,Piano
6220,Piano
6221,Piano
6222,Piano
6223,Piano
6224,Piano
6225,Piano
6226,Piano
6227,Piano
6228,Piano
6229,Piano
6230,Piano
6231,Piano
6232,Piano
6233,Piano
6234,Piano
6235,Piano
6236,Piano
6237,Piano
6238,Piano
6239,Piano
6240,Piano
6241,Piano
6242,Piano
6243,Piano
6244,Piano
6245,Piano
6246,Not found
6247,Piano
6248,Piano
6249,Piano
6250,Piano
6251,Piano
6252,Piano
6253,Piano
6254,Piano
6255,Piano
6256,Piano
6257,Piano
6258,Piano
6259,Piano
6260,Piano
6261,Piano
6262,Piano
6263,Piano
6264,Piano
6265,Piano
6266,Piano
6267,Piano
6268,Piano
6269,Piano
6270,Piano
6271,Piano
6272,Piano
6273,Piano
6274,Piano
6275,Piano
6276,Piano
6277,Piano
6278,Piano
6279,Piano
6280,Piano
6281,Piano
6282,Piano
6283,Piano
6284,Piano
6285,Piano
6286,Piano
6287,Piano
6288,Piano
6289,Piano
6290,Piano
6291,Piano
6292,Piano
6293,Piano
6294,Piano
6295,Piano
6296,Piano
6297,Piano
6298,Piano
6299,Piano
6300,Piano
6301,Piano
6302,Piano
6303,Piano
6304,Piano
6305,Piano
6306,Piano
6307,Piano
6308,Piano
6309,Piano
6310,Piano
6311,Piano
6312,Piano
6313,Piano
6314,Piano
6315,Piano
6316,Piano
6317,Piano
6318,Piano
6319,Piano
6320,Piano
6321,Piano
6322,Piano
6323,Piano
6324,Piano
6325,Piano
6326,Piano
6327,Piano
6328,Piano
6329,Piano
6330,Piano
6331,Piano
6332,Piano
6333,Piano
6334,Piano
6335,Piano
6336,Piano
6337,Piano
6338,Piano
6339,Piano
6340,Piano
6341,Piano
6342,Piano
6343,Piano
6344,Piano
6345,Piano
6346,Piano
6347,Piano
6348,Piano
6349,Piano
6350,Piano
6351,Piano
6352,Piano
6353,Piano
6354,Piano
6355,Piano
6356,Piano
6357,Piano
6358,Piano
6359,Piano
6360,Piano
6361,Piano
6362,Piano
6363,Piano
6364,Piano
6365,Piano
6366,Piano
6367,Piano
6368,Piano
6369,Piano
6370,Piano
6371,Piano
6372,Piano
6373,Piano
6374,Piano
6375,Piano
6376,Piano
6377,Piano
6378,Piano
6379,Piano
6380,Piano
6381,Piano
6382,Piano
6383,Piano
6384,Piano
6385,Piano
6386,Piano
6387,Piano
6388,Piano
6389,Piano
6390,Piano
6391,Piano
6392,Piano
6393,Piano
6394,Piano
6395,Piano
6396,Piano
6397,Piano
6398,Piano
6399,Piano
6400,Piano
6401,Piano
6402,Piano
6403,Piano
6404,Piano
6405,Piano
6406,Piano
6407,Piano
6408,Piano
6409,Piano
6410,Piano
6411,Piano
6412,Piano
6413,Piano
6414,Piano
6415,Piano
6416,Piano
6417,Piano
6418,Piano
6419,Piano
6420,Piano
6421,Piano
6422,Piano
6423,Piano
6424,Piano
6425,Piano
6426,Piano
6427,Piano
6428,Piano
6429,Piano
6430,Piano
6431,Piano
6432,Piano
6433,Piano
6434,Piano
6435,Piano
6436,Piano
6437,Piano
6438,Piano
6439,Piano
6440,Piano
6441,Piano
6442,Piano
6443,Piano
6444,Piano
6445,Piano
6446,Piano
6447,Piano
6448,Piano
6449,Piano
6450,Piano
6451,Piano
6452,Piano
6453,Piano
6454,Piano
6455,Piano
6456,Piano
6457,Piano
6458,Piano
6459,Piano
6460,Piano
6461,Piano
6462,Piano
6463,Piano
6464,Piano
6465,Piano
6466,Piano
6467,Piano
6468,Piano
6469,Piano
6470,Piano
6471,Piano
6472,Piano
6473,Piano
6474,Piano
6475,Piano
6476,Piano
6477,Piano
6478,Piano
6479,Piano
6480,Piano
6481,Piano
6482,Piano
6483,Piano
6484,Piano
6485,Piano
6486,Piano
6487,Piano
6488,Piano
6489,Piano
6490,Piano
6491,Piano
6492,Piano
6493,Piano
6494,Piano
6495,Piano
6496,Piano
6497,Piano
6498,Piano
6499,Piano
6500,Piano
6501,Piano
6502,Piano
6503,Piano
6504,Piano
6505,Piano
6506,Piano
6507,Piano
6508,Piano
6509,Piano
6510,Piano
6511,Piano
6512,Piano
6513,Piano
6514,Piano
6515,Piano
6516,Piano
6517,Piano
6518,Piano
6519,Piano
6520,Piano
6521,Piano
6522,Piano
6523,Piano
6524,Piano
6525,Piano
6526,Piano
6527,Piano
6528,Piano
6529,Piano
6530,Piano
6531,Piano
6532,Piano
6533,Piano
6534,Piano
6535,Piano
6536,Piano
6537,Piano
6538,Piano
6539,Piano
6540,Piano
6541,Piano
6542,Piano
6543,Piano
6544,Piano
6545,Piano
6546,Piano
6547,Piano
6548,Piano
6549,Piano
6550,Piano
6551,Piano
6552,Piano
6553,Piano
6554,Piano
6555,Piano
6556,Piano
6557,Piano
6558,Piano
6559,Piano
6560,Piano
6561,Piano
6562,Piano
6563,Piano
6564,Piano
6565,Piano
6566,Piano
6567,Piano
6568,Piano
6569,Piano
6570,Piano
6571,Piano
6572,Piano
6573,Piano
6574,Piano
6575,Piano
6576,Piano
6577,Piano
6578,Piano
6579,Piano
6580,Piano
6581,Piano
6582,Piano
6583,Piano
6584,Piano
6585,Piano
6586,Piano
6587,Piano
6588,Piano
6589,Piano
6590,Piano
6591,Piano
6592,Piano
6593,Piano
6594,Piano
6595,Piano
6596,Piano
6597,Piano
6598,Piano
6599,Piano
6600,Piano
6601,Piano
6602,Piano
6603,Piano
6604,Piano
6605,Piano
6606,Piano
6607,Piano
6608,Piano
6609,Piano
6610,Piano
6611,Piano
6612,Piano
6613,Piano
6614,Piano
6615,Piano
6616,Piano
6617,Piano
6618,Piano
6619,Piano
6620,Piano
6621,Piano
6622,Piano
6623,Piano
6624,Piano
6625,Piano
6626,Piano
6627,Piano
6628,Piano
6629,Piano
6630,Piano
6631,Piano
6632,Piano
6633,Piano
6634,Piano
6635,Piano
6636,Piano
6637,Piano
6638,Piano
6639,Piano
6640,Piano
6641,Piano
6642,Piano
6643,Piano
6644,Piano
6645,Piano
6646,Piano
6647,Piano
6648,Piano
6649,Piano
6650,Piano
6651,Piano
6652,Piano
6653,Piano
6654,Piano
6655,Piano
6656,Piano
6657,Piano
6658,Piano
6659,Piano
6660,Piano
6661,Piano
6662,Piano
6663,Piano
6664,Piano
6665,Piano
6666,Piano
6667,Piano
6668,Piano
6669,Piano
6670,Piano
6671,Piano
6672,Piano
6673,Piano
6674,Piano
6675,Piano
6676,Piano
6677,Piano
6678,Piano
6679,Piano
6680,Piano
6681,Piano
6682,Piano
6683,Piano
6684,Piano
6685,Piano
6686,Piano
6687,Piano
6688,Piano
6689,Piano
6690,Piano
6691,Piano
6692,Piano
6693,Piano
6694,Piano
6695,Piano
6696,Piano
6697,Piano
6698,Piano
6699,Piano
6700,Piano
6701,Piano
6702,Piano
6703,Piano
6704,Piano
6705,Piano
6706,Piano
6707,Piano
6708,Piano
6709,Piano
6710,Piano
6711,Piano
6712,Piano
6713,Piano
6714,Piano
6715,Piano
6716,Piano
6717,Piano
6718,Piano
6719,Piano
6720,Piano
6721,Piano
6722,Piano
6723,Piano
6724,Piano
6725,Piano
6726,Piano
6727,Piano
6728,Piano
6729,Piano
6730,Piano
6731,Piano
6732,Piano
6733,Piano
6734,Piano
6735,Piano
6736,Piano
6737,Piano
6738,Piano
6739,Piano
6740,Piano
6741,Piano
6742,Piano
6743,Piano
6744,Piano
6745,Piano
6746,Piano
6747,Piano
6748,Piano
6749,Piano
6750,Piano
6751,Piano
6752,Piano
6753,Piano
6754,Piano
6755,Piano
6756,Piano
6757,Piano
6758,Piano
6759,Piano
6760,Piano
6761,Piano
6762,Piano
6763,Piano
6764,Piano
6765,Piano
6766,Piano
6767,Piano
6768,Piano
6769,Piano
6770,Piano
6771,Piano
6772,Piano
6773,Piano
6774,Piano
6775,Piano
6776,Piano
6777,Piano
6778,Piano
6779,Piano
6780,Piano
6781,Piano
6782,Piano
6783,Piano
6784,Piano
6785,Piano
6786,Piano
6787,Piano
6788,Piano
6789,Piano
6790,Piano
6791,Piano
6792,Piano
6793,Piano
6794,Piano
6795,Piano
6796,Piano
6797,Piano
6798,Piano
6799,Piano
6800,Piano
6801,Piano
6802,Piano
6803,Piano
6804,Piano
6805,Piano
6806,Piano
6807,Piano
6808,Piano
6809,Piano
6810,Piano
6811,Piano
6812,Piano
6813,Piano
6814,Piano
6815,Piano
6816,Piano
6817,Piano
6818,Piano
6819,Piano
6820,Piano
6821,Piano
6822,Piano
6823,Piano
6824,Piano
6825,Piano
6826,Piano
6827,Piano
6828,Piano
6829,Piano
6830,Piano
6831,Piano
6832,Piano
6833,Piano
6834,Piano
6835,Piano
6836,Piano
6837,Piano
6838,Piano
6839,Piano
6840,Piano
6841,Piano
6842,Piano
6843,Piano
6844,Piano
6845,Piano
6846,Piano
6847,Piano
6848,Piano
6849,Piano
6850,Piano
6851,Piano
6852,Piano
6853,Piano
6854,Piano
6855,Piano
6856,Piano
6857,Piano
6858,Piano
6859,Piano
6860,Piano
6861,Piano
6862,Piano
6863,Piano
6864,Piano
6865,Piano
6866,Piano
6867,Piano
6868,Piano
6869,Piano
6870,Piano
6871,Piano
6872,Piano
6873,Piano
6874,Piano
6875,Piano
6876,Piano
6877,Piano
6878,Piano
6879,Piano
6880,Piano
6881,Piano
6882,Piano
6883,Piano
6884,Piano
6885,Piano
6886,Piano
6887,Piano
6888,Piano
6889,Piano
6890,Piano
6891,Piano
6892,Piano
6893,Piano
6894,Piano
6895,Piano
6896,Piano
6897,Piano
6898,Piano
6899,Piano
6900,Piano
6901,Piano
6902,Piano
6903,Piano
6904,Piano
6905,Piano
6906,Piano
6907,Piano
6908,Piano
6909,Piano
6910,Piano
6911,Piano
6912,Piano
6913,Piano
6914,Piano
6915,Piano
6916,Piano
6917,Piano
6918,Piano
6919,Piano
6920,Piano
6921,Piano
6922,Piano
6923,Piano
6924,Piano
6925,Piano
6926,Piano
6927,Piano
6928,Piano
6929,Piano
6930,Piano
6931,Piano
6932,Piano
6933,Piano
6934,Piano
6935,Piano
6936,Piano
6937,Piano
6938,Piano
6939,Piano
6940,Piano
6941,Piano
6942,Piano
6943,Piano
6944,Piano
6945,Piano
6946,Piano
6947,Piano
6948,Piano
6949,Piano
6950,Piano
6951,Piano
6952,Piano
6953,Piano
6954,Piano
6955,Piano
6956,Piano
6957,Piano
6958,Piano
6959,Piano
6960,Piano
6961,Piano
6962,Piano
6963,Piano
6964,Piano
6965,Piano
6966,Piano
6967,Piano
6968,Piano
6969,Piano
6970,Piano
6971,Piano
6972,Piano
6973,Piano
6974,Piano
6975,Piano
6976,Piano
6977,Piano
6978,Piano
6979,Piano
6980,Piano
6981,Piano
6982,Piano
6983,Piano
6984,Piano
6985,Piano
6986,Piano
6987,Piano
6988,Piano
6989,Piano
6990,Piano
6991,Piano
6992,Piano
6993,Piano
6994,Piano
6995,Piano
6996,Piano
6997,Piano
6998,Piano
6999,Piano
7000,Piano
7001,Piano
7002,Piano
7003,Piano
7004,Piano
7005,Piano
7006,Piano
7007,Piano
7008,Piano
7009,Piano
7010,Piano
7011,Piano
7012,Piano
7013,Piano
7014,Piano
7015,Piano
7016,Piano
7017,Piano
7018,Piano
7019,Piano
7020,Piano
7021,Piano
7022,Piano
7023,Piano
7024,Piano
7025,Piano
7026,Piano
7027,Piano
7028,Piano
7029,Piano
7030,Piano
7031,Piano
7032,Piano
7033,Piano
7034,Piano
7035,Piano
7036,Piano
7037,Piano
7038,Piano
7039,Piano
7040,Piano
7041,Piano
7042,Piano
7043,Piano
7044,Piano
7045,Piano
7046,Piano
7047,Piano
7048,Piano
7049,Piano
7050,Piano
7051,Piano
7052,Piano
7053,Piano
7054,Piano
7055,Piano
7056,Piano
7057,Piano
7058,Piano
7059,Piano
7060,Piano
7061,Piano
7062,Piano
7063,Piano
7064,Piano
7065,Piano
7066,Piano
7067,Piano
7068,Piano
7069,Piano
7070,Piano
7071,Piano
7072,Piano
7073,Piano
7074,Piano
7075,Piano
7076,Piano
7077,Piano
7078,Piano
7079,Piano
7080,Piano
7081,Piano
7082,Piano
7083,Piano
7084,Piano
7085,Piano
7086,Piano
7087,Piano
7088,Piano
7089,Piano
7090,Piano
7091,Piano
7092,Piano
7093,Piano
7094,Piano
7095,Piano
7096,Piano
7097,Piano
7098,Piano
7099,Piano
7100,Piano
7101,Piano
7102,Piano
7103,Piano
7104,Piano
7105,Piano
7106,Piano
7107,Piano
7108,Piano
7109,Piano
7110,Piano
7111,Piano
7112,Piano
7113,Piano
7114,Piano
7115,Piano
7116,Piano
7117,Piano
7118,Piano
7119,Piano
7120,Piano
7121,Piano
7122,Piano
7123,Piano
7124,Piano
7125,Piano
7126,Piano
7127,Piano
7128,Piano
7129,Piano
7130,Piano
7131,Piano
7132,Piano
7133,Piano
7134,Piano
7135,Piano
7136,Piano
7137,Piano
7138,Piano
7139,Piano
7140,Piano
7141,Piano
7142,Piano
7143,Piano
7144,Piano
7145,Piano
7146,Piano
7147,Piano
7148,Piano
7149,Piano
7150,Piano
7151,Piano
7152,Piano
7153,Piano
7154,Piano
7155,Piano
7156,Piano
7157,Piano
7158,Piano
7159,Piano
7160,Piano
7161,Piano
7162,Piano
7163,Piano
7164,Piano
7165,Piano
7166,Piano
7167,Piano
7168,Piano
7169,Piano
7170,Piano
7171,Piano
7172,Piano
7173,Piano
7174,Piano
7175,Piano
7176,Piano
7177,Piano
7178,Piano
7179,Piano
7180,Piano
7181,Piano
7182,Piano
7183,Piano
7184,Piano
7185,Piano
7186,Piano
7187,Piano
7188,Piano
7189,Piano
7190,Piano
7191,Piano
7192,Piano
7193,Piano
7194,Piano
7195,Piano
7196,Piano
7197,Piano
7198,Piano
7199,Piano
7200,Piano
7201,Piano
7202,Piano
7203,Piano
7204,Piano
7205,Piano
7206,Piano
7207,Piano
7208,Piano
7209,Piano
7210,Piano
7211,Piano
7212,Piano
7213,Piano
7214,Piano
7215,Piano
7216,Piano
7217,Piano
7218,Piano
7219,Piano
7220,Piano
7221,Piano
7222,Piano
7223,Piano
7224,Piano
7225,Piano
7226,Piano
7227,Piano
7228,Piano
7229,Piano
7230,Piano
7231,Piano
7232,Piano
7233,Piano
7234,Piano
7235,Piano
7236,Piano
7237,Piano
7238,Piano
7239,Piano
7240,Piano
7241,Piano
7242,Piano
7243,Piano
7244,Piano
7245,Piano
7246,Piano
7247,Piano
7248,Piano
7249,Piano
7250,Piano
7251,Piano
7252,Piano
7253,Piano
7254,Piano
7255,Piano
7256,Piano
7257,Piano
7258,Piano
7259,Piano
7260,Piano
7261,Piano
7262,Piano
7263,Piano
7264,Piano
7265,Piano
7266,Piano
7267,Piano
7268,Piano
7269,Piano
7270,Piano
7271,Piano
7272,Piano
7273,Piano
7274,Piano
7275,Piano
7276,Piano
7277,Piano
7278,Piano
7279,Piano
7280,Piano
7281,Piano
7282,Piano
7283,Piano
7284,Piano
7285,Piano
7286,Piano
7287,Piano
7288,Piano
7289,Piano
7290,Piano
7291,Piano
7292,Piano
7293,Piano
7294,Piano
7295,Piano
7296,Piano
7297,Piano
7298,Piano
7299,Piano
7300,Piano
7301,Piano
7302,Piano
7303,Piano
7304,Piano
7305,Piano
7306,Piano
7307,Piano
7308,Piano
7309,Piano
7310,Piano
7311,Piano
7312,Piano
7313,Piano
7314,Piano
7315,Piano
7316,Piano
7317,Piano
7318,Piano
7319,Piano
7320,Piano
7321,Piano
7322,Piano
7323,Piano
7324,Piano
7325,Piano
7326,Piano
7327,Piano
7328,Piano
7329,Piano
7330,Piano
7331,Piano
7332,Piano
7333,Piano
7334,Piano
7335,Piano
7336,Piano
7337,Piano
7338,Piano
7339,Piano
7340,Piano
7341,Piano
7342,Piano
7343,Piano
7344,Piano
7345,Piano
7346,Piano
7347,Piano
7348,Piano
7349,Piano
7350,Piano
7351,Piano
7352,Piano
7353,Piano
7354,Piano
7355,Piano
7356,Piano
7357,Piano
7358,Piano
7359,Piano
7360,Piano
7361,Piano
7362,Piano
7363,Piano
7364,Piano
7365,Piano
7366,Piano
7367,Piano
7368,Piano
7369,Piano
7370,Piano
7371,Piano
7372,Piano
7373,Piano
7374,Piano
7375,Piano
7376,Piano
7377,Piano
7378,Piano
7379,Piano
7380,Piano
7381,Piano
7382,Piano
7383,Piano
7384,Piano
7385,Piano
7386,Piano
7387,Piano
7388,Piano
7389,Piano
7390,Piano
7391,Piano
7392,Piano
7393,Piano
7394,Piano
7395,Piano
7396,Piano
7397,Piano
7398,Piano
7399,Piano
7400,Piano
7401,Piano
7402,Piano
7403,Piano
7404,Piano
7405,Piano
7406,Piano
7407,Piano
7408,Piano
7409,Piano
7410,Piano
7411,Piano
7412,Piano
7413,Piano
7414,Piano
7415,Piano
7416,Piano
7417,Piano
7418,Piano
7419,Piano
7420,Piano
7421,Piano
7422,Piano
7423,Piano
7424,Piano
7425,Piano
7426,Piano
7427,Piano
7428,Piano
7429,Piano
7430,Piano
7431,Piano
7432,Piano
7433,Piano
7434,Piano
7435,Piano
7436,Piano
7437,Piano
7438,Piano
7439,Piano
7440,Piano
7441,Piano
7442,Piano
7443,Piano
7444,Piano
7445,Piano
7446,Piano
7447,Piano
7448,Piano
7449,Piano
7450,Piano
7451,Piano
7452,Piano
7453,Piano
7454,Piano
7455,Piano
7456,Piano
7457,Piano
7458,Piano
7459,Piano
7460,Piano
7461,Piano
7462,Piano
7463,Piano
7464,Piano
7465,Piano
7466,Piano
7467,Piano
7468,Piano
7469,Piano
7470,Piano
7471,Piano
7472,Piano
7473,Piano
7474,Piano
7475,Piano
7476,Piano
7477,Piano
7478,Piano
7479,Piano
7480,Piano
7481,Piano
7482,Piano
7483,Piano
7484,Piano
7485,Piano
7486,Piano
7487,Piano
7488,Piano
7489,Piano
7490,Piano
7491,Piano
7492,Piano
7493,Piano
7494,Piano
7495,Piano
7496,Piano
7497,Piano
7498,Piano
7499,Piano
7500,Piano
7501,Piano
7502,Piano
7503,Piano
7504,Piano
7505,Piano
7506,Piano
7507,Piano
7508,Piano
7509,Piano
7510,Piano
7511,Piano
7512,Piano
7513,Piano
7514,Piano
7515,Piano
7516,Piano
7517,Piano
7518,Piano
7519,Piano
7520,Piano
7521,Piano
7522,Piano
7523,Piano
7524,Piano
7525,Piano
7526,Piano
7527,Piano
7528,Piano
7529,Piano
7530,Piano
7531,Piano
7532,Piano
7533,Piano
7534,Piano
7535,Piano
7536,Piano
7537,Piano
7538,Piano
7539,Piano
7540,Piano
7541,Piano
7542,Piano
7543,Piano
7544,Piano
7545,Piano
7546,Piano
7547,Piano
7548,Piano
7549,Piano
7550,Piano
7551,Piano
7552,Piano
7553,Piano
7554,Piano
7555,Piano
7556,Piano
7557,Piano
7558,Piano
7559,Piano
7560,Piano
7561,Piano
7562,Piano
7563,Piano
7564,Piano
7565,Piano
7566,Piano
7567,Piano
7568,Piano
7569,Piano
7570,Piano
7571,Piano
7572,Piano
7573,Piano
7574,Piano
7575,Piano
7576,Piano
7577,Piano
7578,Piano
7579,Piano
7580,Piano
7581,Piano
7582,Piano
7583,Piano
7584,Piano
7585,Piano
7586,Piano
7587,Piano
7588,Piano
7589,Piano
7590,Piano
7591,Piano
7592,Piano
7593,Piano
7594,Piano
7595,Piano
7596,Piano
7597,Piano
7598,Piano
7599,Piano
7600,Piano
7601,Piano
7602,Piano
7603,Piano
7604,Piano
7605,Piano
7606,Piano
7607,Piano
7608,Piano
7609,Piano
7610,Piano
7611,Piano
7612,Piano
7613,Piano
7614,Piano
7615,Piano
7616,Piano
7617,Piano
7618,Piano
7619,Piano
7620,Piano
7621,Piano
7622,Piano
7623,Piano
7624,Piano
7625,Piano
7626,Piano
7627,Piano
7628,Piano
7629,Piano
7630,Piano
7631,Piano
7632,Piano
7633,Piano
7634,Piano
7635,Piano
7636,Piano
7637,Piano
7638,Piano
7639,Piano
7640,Piano
7641,Piano
7642,Piano
7643,Piano
7644,Piano
7645,Piano
7646,Piano
7647,Piano
7648,Piano
7649,Piano
7650,Piano
7651,Piano
7652,Piano
7653,Piano
7654,Piano
7655,Piano
7656,Piano
7657,Piano
7658,Piano
7659,Piano
7660,Piano
7661,Piano
7662,Piano
7663,Piano
7664,Piano
7665,Piano
7666,Piano
7667,Piano
7668,Piano
7669,Piano
7670,Piano
7671,Piano
7672,Piano
7673,Piano
7674,Piano
7675,Piano
7676,Piano
7677,Piano
7678,Piano
7679,Piano
7680,Piano
7681,Piano
7682,Piano
7683,Piano
7684,Piano
7685,Piano
7686,Piano
7687,Piano
7688,Piano
7689,Piano
7690,Piano
7691,Piano
7692,Piano
7693,Piano
7694,Piano
7695,Piano
7696,Piano
7697,Piano
7698,Piano
7699,Piano
7700,Piano
7701,Piano
7702,Piano
7703,Piano
7704,Piano
7705,Piano
7706,Piano
7707,Piano
7708,Piano
7709,Piano
7710,Piano
7711,Piano
7712,Piano
7713,Piano
7714,Piano
7715,Piano
7716,Piano
7717,Piano
7718,Piano
7719,Piano
7720,Piano
7721,Piano
7722,Piano
7723,Piano
7724,Piano
7725,Piano
7726,Piano
7727,Piano
7728,Piano
7729,Piano
7730,Piano
7731,Piano
7732,Piano
7733,Piano
7734,Piano
7735,Piano
7736,Piano
7737,Piano
7738,Piano
7739,Piano
7740,Piano
7741,Piano
7742,Piano
7743,Piano
7744,Piano
7745,Piano
7746,Piano
7747,Piano
7748,Piano
7749,Piano
7750,Piano
7751,Piano
7752,Piano
7753,Piano
7754,Piano
7755,Piano
7756,Piano
7757,Piano
7758,Piano
7759,Piano
7760,Piano
